tweet_id,author_id,inbound,created_at,text,response_tweet_id,in_response_to_tweet_id
319515,192123,True,Sat Oct 07 10:58:19 +0000 2017,@115850 Below message on WhatsApp true or spam?? https://t.co/29vl8ORWCQ,319514,
463338,225134,True,Fri Dec 01 02:43:19 +0000 2017,"Amazon India ORDER # 406-xxxxxx-xxx1166
Third Class Product I suggest to never Buy This Product, Very Very Bad Product... worth as purchased @ rs 125 As well As Amazon Customer Service (Phone Call) Mr. Sumit Has Very Bad Menar &amp; Valgar Talking With Me.",463337,
2347816,678745,True,Mon Nov 13 17:21:53 +0000 2017,"@AmazonHelp Thanks, but it's not a video, it's a novel",2347818,2347815.0
1769437,531987,True,Tue Nov 07 22:59:16 +0000 2017,"@115821 I had The Grand Tour: Guide to the World pre-ordered in mid-October, when should it be arriving?",1769436,
871136,326826,True,Fri Oct 20 20:17:22 +0000 2017,@AmazonHelp Yeah just clicked on that link tells me to log in and I'm back to the problem..... https://t.co/DDQ4xDEoHX,871135,871137.0
2176896,638071,True,Sun Oct 29 08:17:04 +0000 2017,@AmazonHelp バージョンアップの度にアプリ内でのリマインド広告が増えています。ユーザーは本を読むためにリーダーアプリを使います。買い物をするためではありません。アプリのバージョンは別添の通りです。よろしくお願いします。 https://t.co/UoHrN2BrBe,2176900,2176895.0
142128,148074,True,Fri Nov 24 11:56:55 +0000 2017,"Estoy hasta los .... de los señores de @80, no sé si se ríen de mí, de @116928 o de ambos...",142126,
1409659,447656,True,Wed Nov 01 23:39:27 +0000 2017,@AmazonHelp The delivery date was supposed to be today,1409661,1409658.0
2199017,643189,True,Thu Oct 19 14:06:42 +0000 2017,@AmazonHelp Ya he contactado con el vendedor el cual indica que son ustedes los que tienen el precio mal en la web,2199014,2199023.0
820086,315353,True,Thu Oct 12 22:15:02 +0000 2017,@AmazonHelp Yup I got it... Is there any bews about that version in the future was my question! Thanks anyway,820087,820085.0
2290339,665313,True,Sun Nov 12 08:40:49 +0000 2017,@AmazonHelp ありがとうございます。届きました🤗 https://t.co/thLpT8judS,2290341,2290338.0
1147874,390141,True,Tue Oct 24 14:11:31 +0000 2017,@AmazonHelp is this real? Logged into my account and it says I’m not a prime member which would be right? https://t.co/I3kmoNx1v6,1147873,
324118,193218,True,Sat Oct 07 13:19:24 +0000 2017,@115850 What's the point in charging extra for quick delivery when your courier cares two hoots and deliberately delays?,324117,
2964070,817838,True,Wed Nov 29 22:34:34 +0000 2017,@AmazonHelp Una máscara y el HC de The Dark Knight Saga para saber como comportarse 😄,2964071,2964069.0
2033196,601204,True,Wed Nov 08 08:16:00 +0000 2017,Update on @115830 sending me a box of Capri sun instead of my Xbox Scorpio - they have now told me I have to pay £190 more to get what I ordered.  What the 🤬🤯 https://t.co/vjqTg2sABQ,"2033194,2033210,2033211",
2869548,796860,True,Tue Nov 28 01:54:35 +0000 2017,@115821 @AmazonHelp So not only did your delivery guy lied about how he delivered my package.. he also shot a free throw FTW! https://t.co/9MxV3bTBxg https://t.co/orONGaE24f,2869547,
1140914,388555,True,Tue Oct 24 14:30:22 +0000 2017,@115821 thank you soooo much for holding off my delivery that I was expecting and not actually delivering it because no one was there!!,1140913,
1145926,389713,True,Tue Oct 24 14:12:05 +0000 2017,"@AmazonHelp No luckily, but who knows with the state it was them!",1145928,1145925.0
2879530,799143,True,Tue Nov 28 07:31:53 +0000 2017,Hey @120533 je pense qu'il y a une faute de frappe dans la page Prime de mon compte ! https://t.co/EnnQAB53nt,2879529,
2945543,813628,True,Wed Nov 29 15:25:02 +0000 2017,It's been a week and I still haven't received my copy of Xanathars guide to everything that I per-ordered from @115830 Not happy!,2945541,
2915902,807107,True,Tue Nov 28 23:07:52 +0000 2017,んーAmazonのプライム会員になろうかな,2915901,
2911677,683316,True,Tue Nov 28 21:52:34 +0000 2017,"@117804 Oi eu aderi ao unlimited,pensei que ia entrar no 1 mês grátis mas apareceu 3 meses.Como saber se to no 3 meses por R$1,99, no 1 mês gratis ou no plano comum? nao to achando o valor aderido no site :(",2911675,
99804,137850,True,Thu Nov 30 17:12:51 +0000 2017,Ob @115825 die teilweise sehr asynchrone Tonspur von King of Queens (Deutsch) mittlerweile gefixt hat...?,99803,
2905138,316305,True,Thu Nov 30 06:01:09 +0000 2017,"@AmazonHelp yea I tried Support there is damage! And phone support says contact vendor, amazon told vendor to tell me call in.. 🤷🏻‍♂️exhangw",2905140,2905137.0
850068,321978,True,Fri Oct 13 13:21:36 +0000 2017,メールアドレス変えたからamazonで変更しようと思ったのにパスワード忘れて詰んだ,850066,
816963,314574,True,Thu Oct 12 20:48:09 +0000 2017,@AmazonHelp Dann liefern die von Hermes ja auch nicht schneller wenn ich mich bei euch beschwere,816962,816964.0
627720,268665,True,Thu Nov 23 05:16:22 +0000 2017,@268666 @AmazonHelp @115850 Seriously. This is not the first time im facing this. Keep happening. They always promise something and then come up with excuses. They again promised a delivery before 12 noon today. Let's see,627721,627718.0
235142,172000,True,Thu Oct 05 13:53:29 +0000 2017,@AmazonHelp Cashback against ORDER # 402-3909699-4838731 .,"235144,235145",235141.0
2298465,667191,True,Sun Nov 12 14:58:46 +0000 2017,"@AmazonHelp Danke für eure Reaktion :) 
Die angebotene Auswahl der Songs ist das Problem (Jens Friebe, Razorlight, Arielle Paul usw.) Habe jetzt schon einige Male diese nur bei der Konkurrenz gefunden.",2298467,2298464.0
2857261,794122,True,Tue Oct 31 19:04:26 +0000 2017,"@AmazonHelp I'm prime member and I have order from Sunday and still not shipped yet?
Order no: 112-4004867-5144244","2857260,2857262",
871184,326830,True,Fri Oct 20 06:35:30 +0000 2017,"@AmazonHelp Ya i have already checked ,but this response is not reducing my tension ,i am not satisfied by it.i want faster action.",871182,871185.0
1163349,374555,True,Tue Oct 24 17:06:36 +0000 2017,@AmazonHelp I need your help. I don’t have amazon prime is this legit saying about renewing my subscription? And asking me all this details https://t.co/Iy0iSSvP4i,"1163347,1163350",
105227,139239,True,Fri Dec 01 04:42:55 +0000 2017,"@AmazonHelp I'm afraid too, because as referred earlier I won't be here .... For a month, would be returning to Ranchi around in January",105228,105226.0
570835,254057,True,Sun Dec 03 03:45:06 +0000 2017,@115821 keeps sending me shipment notifications for someone else's account (I've contacted them to fix but apparently haven't) and my man is really gonna start thinking I'm hiding something from him https://t.co/5FmCYYLEzC,570833,
1238658,410548,True,Mon Oct 16 20:29:10 +0000 2017,thank you @115830 and #dhlphilippines for a delivering my books in great condition! 😍😍😀😀,1238657,
1100980,379759,True,Sun Oct 15 07:08:09 +0000 2017,"@AmazonHelp 返品して交換するまでの間中身を楽しめない方が辛いので、特に交換は予定しておりません。
今回はCDケースが割れやすい梱包に問題があったように思います(箱の下からCD、ジッポオイル缶、緩衝材の紙という形でCDの保護が手薄)ので、今後その辺りの改善をしていただけますと幸いです。",1100982,1100978.0
2075309,273162,True,Thu Oct 19 02:20:03 +0000 2017,@AmazonHelp you select an item that has FREE ONE DAY shipping and at check out it wants to charge you $3.99 for one day shipping! WTH!,2075307,
1165348,300846,True,Sun Oct 15 19:20:49 +0000 2017,.@AmazonHelp TERRIBLE chat experience! Ive been on 30 min talking with a representative. A return has never taken this long to return!!!!,1165346,
290485,185183,True,Fri Oct 06 15:29:07 +0000 2017,"Sagt mal @116316, wenn 75ml 61,99 Euro kosten, wie können dann 100ml 61.990,00 Euro kosten? Sollte doch eine einfache Rechnung sein, oder? https://t.co/8vZwPOcgzr",290483,
1087662,376581,True,Mon Oct 23 18:51:03 +0000 2017,@AmazonHelp would you please amend your cd section to 'speed and THRASH metal' as it currently reads 'speed and trash metal'.,"1087660,1087664",
2435652,698831,True,Sun Oct 29 14:13:20 +0000 2017,"@115850 Does Amazon A to Z guarantee mean anything? My package is late by 1 week and I got a text saying ""package delivered"".","2435651,2435653",
1883447,385790,True,Thu Oct 19 08:51:59 +0000 2017,@AmazonHelp Me dicen que está demorado en el tránsito. Son baterías para abanicos para casa de mi mamá de 91 años y las necesita ASAP.,1883449,1883446.0
1367552,316609,True,Sat Oct 28 04:34:04 +0000 2017,@AmazonHelp So if I buy the year and cancel will I get my money back?,1367554,1367551.0
2402345,395487,True,Wed Nov 15 17:25:35 +0000 2017,@AmazonHelp Jap. :),2402346,2402342.0
1706222,177533,True,Wed Oct 18 07:58:00 +0000 2017,"@AmazonHelp 1. So, after a wasted day, wasted printing &amp; repackaging, I'm told that the wrong carrier was instructed but nobody thought to tell me.","1706223,1706224",1706221.0
231341,171098,True,Thu Oct 05 09:51:40 +0000 2017,@AmazonHelp is there any way I can find out when a delayed 'prime' order will actually be delivered? It's getting a bit ridiculous now!,231338,
325453,193523,True,Sat Oct 07 15:39:24 +0000 2017,@AmazonHelp who do I need to talk to about refunding Saturday shipping? I'm not paying 30 bucks extra if it won't be here till Monday,325452,
1230165,189481,True,Wed Oct 25 21:37:52 +0000 2017,"@AmazonHelp I have submitted an email. Basically, the delivery person did not actually attempt delivery, yet said there was no way in (there is).",1230168,1230163.0
2953635,815510,True,Wed Nov 29 19:43:03 +0000 2017,"@AmazonHelp Provvederò quanto prima; se potete far qualcosa, ringrazio fin da ora. Non è la prima né la seconda volta.",2953637,2953634.0
215238,167140,True,Thu Oct 05 00:39:22 +0000 2017,And yes that deserve two tweets and a follow up tweet @115821 you guys are amazing at customer service #grateful #helpful #thanks,215237,
345824,198303,True,Sun Oct 08 02:58:46 +0000 2017,"@115850 @AmazonHelp  Address frm our side was properly given. People r good around us, so they have given us. Why so casual approach ? 1/2 https://t.co/T395Uo2iXO","345823,345825",
1117082,215213,True,Mon Oct 16 05:55:53 +0000 2017,@AmazonHelp Why do i place order... It's your lookout how to deliver my product.. Show some courtesy to take responsibility and rectify the problem..,1117083,1117080.0
368320,172729,True,Sun Oct 08 22:08:18 +0000 2017,"@117086 1984, Admirável mundo novo, Laranja mecânica e A little life, pra não ficar só nos distópicos kkk",369268,368311.0
1223729,328121,True,Thu Nov 16 14:52:54 +0000 2017,"@AmazonHelp I can’t seem to complete the process without finishing the 3rd step, which is the extra phone number part?",1223727,1223734.0
1721528,520961,True,Tue Oct 17 18:45:39 +0000 2017,"@AmazonHelp Donc voilà, c’est bien gentil de privatiser et vouloir avoir votre propre service de livraison mais le service publique fait beaucoup mieux",1721529,1721473.0
2667335,751421,True,Sun Nov 19 09:16:51 +0000 2017,This keeps happening after Touch ID scan! Can you help me please @115850 https://t.co/5mzV6nXSYK,2667334,
1540970,312123,True,Wed Nov 08 12:40:05 +0000 2017,"@AmazonHelp it asked me to log in, then asked me to select the product the issue relates to, then after entering the issue into the text box it said contact the manufacturer",1540971,1540969.0
2318035,672007,True,Wed Nov 15 11:24:18 +0000 2017,"@AmazonHelp Thanks for your reply. I already contacted them but they were disputing with me and not providing me proper resolution. Secondary, i never mind if it happens once. But it happens twice with me. Why are you selling the products of go4shopping.",2318039,2318033.0
111936,140860,True,Thu Nov 23 20:09:05 +0000 2017,@115821 @117086 socorro,111935,111937.0
2084582,275922,True,Wed Nov 08 09:28:54 +0000 2017,"@AmazonHelp A whole month waiting 4 credit back 4 a returned faulty gift. Numerous contacts, 2 hours chatting online with advisors, promises of resolution never fulfilled. Supervisors don't care. Latest was promise of contact in 24h, still waiting. You don´t honour your own T&amp;C.",2084580,
285552,184029,True,Fri Oct 06 13:45:00 +0000 2017,TC you write and speak are different #AmazimgAmazon @115850  @AmazonHelp https://t.co/zyPPO3pRPD,285550,
679016,282015,True,Thu Nov 23 07:41:06 +0000 2017,Amazonで買い物が出来なくなってしまった…？？なんでだ…？？困った…,679015,
2893089,526095,True,Tue Nov 28 18:46:31 +0000 2017,@AmazonHelp Lol...gotta love it ain’t you....Jesus....I take it this means it ain’t coming tonight...AGAIN...😡🤔😏 https://t.co/crpSfilHaY,2893090,2893087.0
1340612,432687,True,Fri Oct 27 15:36:07 +0000 2017,@116928  En casa desde las 15h. Acabo de recibir msg de AMAZON que no hay nadie en casa (paquete salió de @9474 a las 15.30),1340611,
206167,164814,True,Mon Nov 06 14:47:36 +0000 2017,@AmazonHelp Purchased a product but due to incomplete I returned it back and u guys are not crediting money into my account from pay balanve,206168,206166.0
743265,297724,True,Wed Oct 11 15:28:07 +0000 2017,"@115850 It is not...the product has the mrp of 499...the product bought from any batch should be sold at that batch price.
@115850",743264,743266.0
2931047,810753,True,Wed Nov 29 07:17:55 +0000 2017,"@AmazonHelp ill try every way to contact but always fail.
no reply of yourside. 
i want resolve right here. or you make a call of my contact nomber.",2931049,2931046.0
2291244,665479,True,Sun Nov 12 10:35:14 +0000 2017,"@115830 I’ve been randomly charged £7.99 for Prime and I’m not a member, contacted customer service and no reply, please help",2291242,
1067711,371965,True,Mon Oct 23 15:28:48 +0000 2017,@AmazonHelp Just checked - it still says 26th-30th https://t.co/7yfgwoV4ij,1067713,1067710.0
494999,233042,True,Fri Dec 01 17:53:21 +0000 2017,"@AmazonHelp https://t.co/SOflQ2dTpC  au niveau des 
''Offres du jour, Ventes Flash et promotions - Téléphonie &amp; accessoires  ''",495001,494998.0
304368,188693,True,Fri Oct 06 22:53:21 +0000 2017,@AmazonHelp Not sure if that helped lol I have the order number,304366,304372.0
280895,182930,True,Fri Oct 06 10:37:55 +0000 2017,@115850  Absolute pathetic customer service Amazaon (specifically Big Appliances team) about delayed delivery.,"280894,280896",
19182,750390,True,Tue Oct 31 05:57:20 +0000 2017,@115850 Bullshit you never deliver prepaid orders on time. And the ones having COD tend to arrive before time.,2662548,19137.0
1544984,478522,True,Sat Nov 04 05:45:29 +0000 2017,"@AmazonHelp My husband, @80525 has already filled up the details at the said page. Yet no clarity on our order. This is extremely unprofessional",1544986,1544983.0
448731,221316,True,Thu Nov 30 20:37:42 +0000 2017,#goodjob @115830 @AmazonHelp Ordered 3 different sets of orders for Thursday delivery (it's my day off)... None of them arrived. Been lied to by advisors when calling and fobbed off a total of 4 times on the phone. #poorservice,448728,
2397096,689919,True,Tue Nov 14 12:58:50 +0000 2017,Der Qualität und Geschwindigkeit der Lieferung war mal ein Grund bei @116316 zu bestellen. Heute ist es ein Grund dagegen.,2397094,
2111120,147566,True,Wed Nov 08 16:06:01 +0000 2017,"Mais le prime chez @120533 c'est la vie \o/ . Commandé hier, reçu ce matin. Bon ben cadeau de Noël ça c'est (déjà) fait :p",2111118,
1048182,364853,True,Mon Oct 23 06:53:47 +0000 2017,@115850 call me on 9899273640 right now.it was my first worst experience with u....,"1048181,1048183,1048184",
2845504,669055,True,Mon Nov 27 17:58:09 +0000 2017,@AmazonHelp do you know why one day delivery is showing Thursday for everything available with it?,2845503,
436869,218753,True,Tue Oct 10 17:18:14 +0000 2017,@AmazonHelp just had a notification  that my package was damaged in transit and returned. What do I do?,436867,
2457753,360239,True,Wed Nov 15 05:29:43 +0000 2017,@115821 I keep getting charged for an @117093 account that I do not have and was told the membership was deleted!! Please stop this.,2457752,
1363156,437402,True,Fri Oct 27 20:02:10 +0000 2017,@116928 https://t.co/DbuV0t4vKE,1363154,
509376,237020,True,Fri Dec 01 22:17:02 +0000 2017,i think someone stole my amazon package of the first seven fast and furious movies and i guess it's time for me to learn how to drive and get a family real fast and get them back.,509375,
2282960,436591,True,Thu Oct 19 19:14:29 +0000 2017,@AmazonHelp Thank you :),2282962,2282959.0
1246392,412416,True,Thu Oct 26 00:27:25 +0000 2017,@115821 wow. Major packing fail. Box too big and no packing pillows https://t.co/5gGSdPkT0X,1246391,
606089,264047,True,Wed Nov 22 12:13:17 +0000 2017,"@AmazonHelp Gracias, me llamaron a través del enlace que me pasasteis y una chica me atendió muy bien. Un saludo",606091,606088.0
1089221,376967,True,Sun Oct 15 03:06:22 +0000 2017,"@115850 account hacked , my email account linked with amazon changed without authorisation. Need immediate help.","1089220,1089222",
803986,311606,True,Fri Oct 13 01:53:36 +0000 2017,@AmazonHelp Already done bot not showing the order no,803987,803984.0
2084588,427410,True,Wed Nov 08 10:03:12 +0000 2017,"@AmazonHelp I have. What's going on is that whatever happened to you logistics chain serving this area, has broken it. Packages are constantly not delivered ""next day"" as promised and all I get from customer service is: ""Sorry, your feedback has been recorded"".",2084590,2084587.0
1550230,479811,True,Sat Nov 04 03:08:23 +0000 2017,2度目のAmazonプライム入会。ドンピシャな９０年代ロックステーションラジオ聴きながらの作業が捗る,1550229,
859578,324093,True,Fri Oct 13 14:24:34 +0000 2017,@115830 item Q60933485624 meant to be arriving today. Still hasn't turned up. Tried prime for this item. Definitely cancelling this. Poor,859576,
1402851,446168,True,Sat Oct 28 18:09:05 +0000 2017,@AmazonHelp how will that help? I can't add the subtitles for this. Speaking on the phone to a CSA can't add this can it?,1402852,1402850.0
532615,242940,True,Sat Dec 02 11:10:58 +0000 2017,Seriously? @115830 second parcel today with excessive packaging! 2 rolls of brown parcel paper requires 2 rolls of packaging paper? https://t.co/A8MdNB0eHF,532614,
2885623,800360,True,Tue Nov 28 12:28:55 +0000 2017,"@AmazonHelp I'll quote the associate:
""I have checked the details for your order. 
Unfortunately the only available method is the pass my parcel method. 
But do not worry. Please return the item to a collectplus store by paying for the postage.""",2885624,2885621.0
666179,278704,True,Thu Nov 23 02:36:51 +0000 2017,I really feel like shopping but I also dont want to go to a store or type in a website. Can I please just think of the items I want and they appear @115821 ?,666178,
507084,236393,True,Fri Dec 01 21:44:13 +0000 2017,@AmazonHelp Des isn Scherz oder?,507087,507083.0
2771673,720689,True,Tue Nov 21 13:58:01 +0000 2017,@AmazonHelp Have sent you a message!,2771675,2771672.0
108246,126981,True,Thu Nov 23 19:16:58 +0000 2017,@AmazonHelp 'prime one day delivery' but it's not due to come until Monday 27th? Ey?,108244,
166433,154658,True,Fri Nov 24 20:23:15 +0000 2017,"@AmazonHelp Hi, am Pruthviraj a student from Kiel, Germany. They debited 69 euros for amazon prime account which is a huge amount for me. I really don't want to access prime account by paying 69 euros. Please help me with this","166432,166434",
2825551,787136,True,Tue Nov 28 04:58:14 +0000 2017,"@AmazonHelp if u are right then call me without any hasitation .. but u r not ...
because of ther's no option with mobile number to contact u and reach u for assitance this is the very low quality of service policy u having.",2825552,2825550.0
44530,125878,True,Wed Nov 01 16:16:13 +0000 2017,Why isn’t my kindle unlimited working @AmazonHelp,44528,
984273,353334,True,Sun Oct 22 09:48:17 +0000 2017,@115830 @115821 @AmazonHelp @115821 rejecting my review because I haven’t spent £40???? https://t.co/5CafzqdPfH,984271,
63903,130678,True,Wed Nov 29 18:27:47 +0000 2017,"@AmazonHelp hi amazon, apparently a package has been delivered when it hasn’t, how do I report it?",63902,
69781,131807,True,Thu Nov 30 10:03:45 +0000 2017,@115850 Thanks...!!!,71931,69780.0
273163,181236,True,Fri Oct 06 04:11:05 +0000 2017,amazonが強すぎてprime会員になるか悩む,273162,
874579,327638,True,Fri Oct 13 15:55:03 +0000 2017,spent all of today waiting on my 2k18 delivery and it's not even come yet sick of waiting @115830,874578,
761250,301886,True,Wed Oct 11 20:11:43 +0000 2017,"1st msg- ur Order is successfully placed &amp; will reach you by 14-Oct.
again I got msg saying 16-Oct. Which one sud I consider ✔ 🤔@115850",761249,
1270236,417383,True,Fri Oct 27 02:13:35 +0000 2017,@AmazonHelp Can u please update about my cashback ???,1270238,1270235.0
2124782,625771,True,Wed Nov 08 17:26:16 +0000 2017,"This is my third @115821 fire stick from @127271, each one gave me this message. Amazon customer support tell me to keep exchanging them... @AmazonHelp @138244 https://t.co/eP7mc8Zy8O",2124781,
2718469,339787,True,Mon Nov 20 08:18:21 +0000 2017,@AmazonHelp first you deliver my stuff damaged and don't care and now 4-5 biz days transpires to be 6-7?? Rethinking my Christmas shopping 😡 https://t.co/o9RPgYasRE,2718468,
979381,352267,True,Sun Oct 22 05:33:00 +0000 2017,"@AmazonHelp 
@AmazonHelp 
hlo amazon i want to tell you that some people are doing frualdlent payment on your website they are ord https://t.co/YHHFokpDwl","979378,979383",
2671141,752195,True,Tue Oct 31 09:12:28 +0000 2017,"@752196 Bhai @AmazonHelp @117795 @115821 is charging money for no reason, though I hv the prime membership valid for a year",2671140,2671142.0
2459125,704267,True,Wed Nov 15 06:18:10 +0000 2017,Thanks @115850 for resolving my issue by your top end promptly,2459124,
1603126,491895,True,Sun Nov 05 13:21:18 +0000 2017,"@AmazonHelp I have already provided all the necessary details..

Kindly check and resolve the issue..

@115851",1603127,1603124.0
1441373,454420,True,Thu Nov 02 12:21:38 +0000 2017,Abriendo paquetitos de @116928 😍😍,1441371,
711112,290062,True,Tue Oct 10 21:37:02 +0000 2017,I am REALLY sick of the @115821 truck delivering my packages to someone else’s house! @81 @115817 and mailman never had problems,711106,
2881967,799645,True,Tue Nov 28 09:19:29 +0000 2017,¿Permitirá @116928 elegir si se quieren recibir los envíos por Amazon Flex o por otro medio?,2881965,
1710167,518126,True,Tue Nov 07 01:01:57 +0000 2017,"@115821 , I'm pretty sure you're not going to make it! https://t.co/JRyDBjLUf9",1710166,
1454503,457364,True,Thu Nov 02 15:03:50 +0000 2017,"@AmazonHelp Or, Le chat qui fume précise vous avoir envoyé les exemplaires le 27 octobre dernier. :/","1454506,1454507",1454502.0
1115221,383163,True,Sun Oct 15 12:00:47 +0000 2017,@AmazonHelp I had already talked to costumer care.. but already took more time than expected,1115223,1115220.0
264984,179125,True,Mon Sep 11 09:43:24 +0000 2017,@115821 good morning. For 10 months+ I have been having unresolved issues of a deduction of $119.97 wrongly deducted from my bank account.,264983,
1060477,370381,True,Fri Oct 27 11:19:01 +0000 2017,@AmazonHelp Préparer pour l’hiver avec qualité a coupe le souffle  #amazon https://t.co/4dokMKhiEM,1060478,1060476.0
2290725,629866,True,Sun Nov 12 08:34:48 +0000 2017,"@AmazonHelp Well attempting to load the order   webpage as well as track some items on Amazon.ca I received the following error message There was an internal error in our system. We logged the problem and will investigate it later. Our apologies for the inconvenience. 
 Help",2290724,
12527,118505,True,Tue Oct 31 07:18:52 +0000 2017,"@AmazonHelp I have replied to it many and still have not received any response, sending you a legal notification for closing this fraud business",12526,12528.0
1693752,513988,True,Mon Nov 06 18:47:36 +0000 2017,"@118706 suck, my @115821 order is stuck intransit limbo and it’s automated system gave me an hour wait to speak to a human",1693750,
1288417,158298,True,Thu Nov 16 16:03:30 +0000 2017,@AmazonHelp Yes... already shared,1288419,1288416.0
2841871,790724,True,Mon Nov 27 21:27:20 +0000 2017,"@AmazonHelp Olá! Na verdade não dá erro nenhum, porém não consigo avançar desta tela (em anexo). https://t.co/MVMCzo9uTr",2841873,2841870.0
2584199,659259,True,Thu Nov 16 23:51:59 +0000 2017,"@AmazonHelp Hey, I've got a bit of an issue. My order says my package was delivered but it can't be found anywhere and no one else in the house received it.",2584197,
1699059,515279,True,Sun Oct 29 05:59:18 +0000 2017,"@AmazonHelp My friend , pls go through all the tweets before replying! Although I appreciate your quick response.","1699058,1699060",1699061.0
829550,245391,True,Fri Oct 13 03:19:18 +0000 2017,@AmazonHelp I have several of these: https://t.co/BUebdhhjf2,"829552,829553",829549.0
2983651,822765,True,Thu Nov 30 05:45:43 +0000 2017,"So like, I'm never the one to complain but why have @117795 if your package doesn't get delivered the day its supposed to. Two-day shipping became UNKNOWN arrival and, where's my package located??????????!!!!!!!!!!!!!!",2983650,
815602,314215,True,Wed Nov 08 09:13:56 +0000 2017,Hey @115821 how many deliveries you make in a day in India?,815601,
816315,314392,True,Thu Oct 12 16:52:25 +0000 2017,@115821 Great to know that you hire customer service reps who hang up the phone on YOUR customers because they don't want to deal them!!,816314,
437349,218864,True,Tue Oct 10 17:28:18 +0000 2017,"Es ist erstaunlich wie erstaunt @116316 ist, dass man in der Familie Musik gemeinsam hören will obwohl man unterschiedliche Accounts hat🙄",437347,
1875447,559878,True,Wed Oct 18 09:27:28 +0000 2017,"@AmazonHelp Hi, I need to return an item that's defective but wasn't given the option to arrange a Hermes pickup .. can you help?",1875445,
1444373,455172,True,Thu Nov 02 15:44:40 +0000 2017,@AmazonHelp Amazon Shipping,1444375,1444372.0
665566,122905,True,Fri Nov 03 08:13:07 +0000 2017,@115850 when will you deliver my product. I am waiting for it from past 2 weeks.,665564,
2355256,680443,True,Wed Nov 15 03:15:34 +0000 2017,@AmazonHelp .@AmazonHelp .. oh yes... But this happened earlier as well as most recently.. and having placed so many orders on .@115821 so far... am not wrong when I say your #customerservice standards are detoriating.,"2355258,2355259",2355255.0
648506,274108,True,Wed Nov 22 18:54:25 +0000 2017,@AmazonHelp Aamer*,648505,648507.0
2841785,790711,True,Mon Nov 27 17:09:22 +0000 2017,"@AmazonHelp I don’t think they were requested, but I have been waiting two weeks now for a refund on an order.",2841787,2841784.0
1319322,363738,True,Wed Oct 18 05:22:46 +0000 2017,@AmazonHelp I did not get any email regarding this..,1319320,1319323.0
2977360,821122,True,Fri Nov 17 00:44:11 +0000 2017,Amazon使ったことないのに架空請求ｷﾀ━(ﾟ∀ﾟ)━! https://t.co/y284LsfZoz,2977359,
553403,248654,True,Sat Dec 02 20:38:58 +0000 2017,@AmazonHelp marque y ya quedó :) el problema era que el país de mis contenidos era en USA  y ajustándolo a México quedó,553404,553402.0
2855132,793630,True,Mon Nov 27 21:02:34 +0000 2017,"@115821 last week you delivered a drone to my doorstep and it sat unattended all day. Today you couldn't deliver $5 clothespins because I wasn't there to sign for them?

#whyamazon #amazonproblems #amazon https://t.co/E4mouMsnJY",2855131,
502509,235052,True,Sat Dec 02 13:21:24 +0000 2017,@AmazonHelp Game was supposed to release yesterday(Friday). Since I pre ordered I was expecting amazon to ship it early (Thursday). It’s 10am on Saturday,502511,502508.0
1003690,357568,True,Sat Oct 14 12:54:52 +0000 2017,"@115850 is getting wrost placed order on 24-09-17 but still not received product or refund, even contact CC but no satisfactory response. https://t.co/7cwjOdFQZa","1003689,1003691,1003692",
273625,181370,True,Fri Oct 06 04:52:42 +0000 2017,Amazonからやっと火花DVD届きました！サイン書かれてるー！神谷伝記は大切に保管します https://t.co/kQ4eQVlD3W,273624,
839005,319547,True,Fri Oct 13 10:56:17 +0000 2017,"@115850 You charge customers for 1 day / 2 days guaranteed delivery, then you fail to deliver . Any compensation? #DeliverOnTimeOrGoHome",839003,
128767,144967,True,Fri Nov 24 04:36:17 +0000 2017,Dear @119625 it's @6714  from #RajaTheGreat Not @6715 please change the Name https://t.co/GyPVcJYzlU,128766,
1298965,118928,True,Thu Oct 26 23:02:52 +0000 2017,"@115821 how do I pay for next day delivery, and not get it the next day???",1298964,
1730075,508770,True,Tue Nov 07 13:45:28 +0000 2017,"@522846 @115830 Screwed us over, shipped last night, on target for delivery then this? Wtf, called them up and they haven't got a clue, Disaster! https://t.co/6VeGEWaGf1",1735193,1730074.0
2791970,779210,True,Tue Nov 21 20:37:14 +0000 2017,@115821 @779211 https://t.co/ujRGE6u69P,2791969,
536537,244319,True,Sat Dec 02 13:22:52 +0000 2017,"@AmazonHelp My order is the top item, clearly marked as “PRIME”, small print on order states 2-11Dec. This is no good as I need item to complete job. Your system will not let me cancel and buy from another seller 😡 https://t.co/bcn0RVAw37",536535,536538.0
2835685,119701,True,Mon Nov 27 14:24:47 +0000 2017,@115850 can some one pls tell wen will some one come for this pic up #help https://t.co/X3opm6ahw9,"2835683,2835687",
2428212,318183,True,Sun Nov 26 17:51:45 +0000 2017,@119625 @115850 Any chance of prime subscribers for 499/- again? I missed it earlier!!,2428211,
421425,215410,True,Tue Oct 10 07:52:29 +0000 2017,Dear @115850. I need 50 hard copy gift cards worth 1000 rs each. Please get in touch. Can't reach you,421424,
1134023,387204,True,Tue Oct 24 12:45:26 +0000 2017,"@AmazonHelp Pues mira, estoy a la espera. Hablé con el repartidor para decir mi piso y a los 15 segundos me llegó el mensaje de fallido.",1134022,1134024.0
215128,167112,True,Thu Oct 05 01:20:50 +0000 2017,@AmazonHelp Apparently I'm not alone...I see your recent reviews on facebook.  Including mine.  I'm just over it.  I don't want a free month of it.,215127,215129.0
2753549,752099,True,Tue Nov 21 09:03:17 +0000 2017,@AmazonHelp How much time will you need since the order placing 8 days are gone till now you are again and again stretching it just provide me my refund and let me leave this fraud website for ever,2753550,2753548.0
1973419,584439,True,Wed Oct 18 17:46:58 +0000 2017,@21306 someone plagiarized my writing in A SELF published book on @115821 the help center is useless,1973417,
529041,242502,True,Sat Dec 02 10:01:44 +0000 2017,@AmazonHelp Attached the screenshot https://t.co/pOh0Ly52MB,529043,529040.0
2946749,813914,True,Wed Nov 29 15:45:32 +0000 2017,@AmazonHelp Je n’ai pas reçu ma commande et je ne peux pas reclamer. Le colis est indiquer comme livrer mais rien à la maison,2946748,2946750.0
2789074,778524,True,Tue Nov 21 19:41:14 +0000 2017,"Seriously @115821?! You’re going to deliver this box to my house at the holidays?! Come on, man! https://t.co/EZ8weN6o9q",2789073,
2329618,674519,True,Fri Oct 20 01:32:46 +0000 2017,@AmazonHelp Everytime I click on and to screen the button goes gray and nothing happens.,2329620,2329617.0
980223,352415,True,Sun Oct 22 05:59:04 +0000 2017,@AmazonHelp Change from original estimate oct 21 by 8pm to anywhere between oct 21-24. Not sure why I paid extra for overnight if this was goingto occur,980225,980222.0
843565,159139,True,Sat Nov 25 10:24:39 +0000 2017,@AmazonHelp It just gives a window until 8pm. This order was supposed to be delivered on Monday. How can I change it back to that,843567,843564.0
108226,140023,True,Thu Nov 23 19:17:33 +0000 2017,"There's nothing worse than being scammed by a 3rd party seller on @115821 and finding out on your favorite holiday, Thanksgiving 😣😔😭",108224,
703883,288182,True,Thu Nov 23 17:51:05 +0000 2017,Wow @171383 hat jetzt Podcasts &lt;3 vielen dank,703882,
264386,179001,True,Wed Nov 08 08:17:09 +0000 2017,@AmazonHelp Was due to come Tuesday last week which still hasn’t arrived 2/2,264389,264385.0
2874003,797896,True,Tue Nov 28 04:34:09 +0000 2017,"@AmazonHelp kein problem. vielleicht könntetn ihr ja eine rundmail schreiben oder an eien nwsseite weiterleiten, damit niemand drauf reinfällt. gibt immer wieder leute die darauf reinfallen :)",2874002,2874004.0
2278646,662536,True,Sat Nov 11 18:18:08 +0000 2017,"@115830 for 3 years plus I’ve been ordering through Amazon Prime and now my address is suddenly invalid?! 😠 defo not renewing the subscription, totally useless. Didn’t even knock on my ‘safe neighbours’ house #NotImpressed https://t.co/BeTWmZF6CV",2278645,
534236,243733,True,Sat Dec 02 11:44:51 +0000 2017,"@AmazonHelp blatantly not resolved, hence tweet. i give up!",534235,534237.0
1341581,432924,True,Fri Oct 27 16:02:22 +0000 2017,"@AmazonHelp I did, was online at 12.30 before the 12.31 start selected the item, yet could not checkout, product became unavailable.","1341583,1341584",1341580.0
1352163,435323,True,Fri Oct 27 18:39:32 +0000 2017,@AmazonHelp Le suivi me dit “en transit / livraison prévue avant 20h”,1352165,1352162.0
1910346,533363,True,Wed Nov 08 05:51:03 +0000 2017,"@AmazonHelp Nope - one was UPS from Cali, two USPS from Midwest, one AMZL from local (Seattle). And the AMZL was a same day delivery - never showed up. #Sadday https://t.co/eUeE0eZ21L",1910345,
566593,252844,True,Sun Dec 03 01:34:15 +0000 2017,@AmazonHelp why does my fire stick just randomly decided to restart.  Tuff to watch football games when this happens thanks,566591,
1376030,440329,True,Sat Oct 28 01:45:17 +0000 2017,I’m never ordering from Amazon again. Their delivery drivers for their courier service are incompetent.,1376027,
1449055,456244,True,Mon Oct 16 19:44:23 +0000 2017,@AmazonHelp 20 ottobre,1449057,1449054.0
1986965,199266,True,Wed Nov 08 07:23:17 +0000 2017,"@AmazonHelp Customer support chat and phone not able to arrange me an inspection and refund/replace for order : 405-6129009-8035548. Now, they asked me to email cs-reply[at]amazon.in. Care to help? Wrong order and amazon keeps wasting time ... and support team seems helpless.","1986966,1986964,1986967,1986968,1986969",
1665984,507564,True,Tue Oct 17 15:19:30 +0000 2017,"If @115821 #amazonlogistics wants to be a delivery service, they need a better problem resolution and feedback mechanism @115851",1665982,
332049,195060,True,Sat Oct 07 18:36:54 +0000 2017,"@AmazonHelp Könnt ihr vor der Bestellung den Lieferdienst schon angeben, damit man ggf. noch einen anderen auswählen kann?",332047,
2829481,234915,True,Mon Nov 27 12:29:17 +0000 2017,"Hey @AmazonHelp, why is the 1rst season of Preacher only available in French in Belgium?",2829477,
748733,298988,True,Wed Oct 11 17:20:28 +0000 2017,@115821 ARE YOU working on fixing my app or do I have to suffer without you for an entire day? 😭😭😭,748731,
138932,147312,True,Thu Nov 23 15:03:13 +0000 2017,@AmazonHelp I look forward to hearing what can be done as the longer this takes the less chance I use this service again,138931,138933.0
1520096,472563,True,Tue Oct 17 17:01:16 +0000 2017,"@AmazonHelp nothing was damaged, but something as delicate as a graphics card should be packaged a lot more than it was","1520098,1520099",1520095.0
1208370,403720,True,Sun Oct 15 22:59:26 +0000 2017,"@AmazonHelp I canceled, I want a refund",1208372,1208369.0
2722167,763720,True,Sun Nov 26 23:05:30 +0000 2017,"@115830 why is my ""one day delivery"" due Wednesday?
That's not one day and not what I paid prime for.",2722165,
986154,158433,True,Sat Oct 14 10:04:09 +0000 2017,@115850 My PIN cord is 741550 but unable process here. Why?,986153,986155.0
1381475,338747,True,Sat Oct 28 06:26:02 +0000 2017,You can’t beat @118702 in any mode. This is a service from another level. Where @115821 sucks always Flipkart kills by their words,1381471,
2405091,691777,True,Tue Nov 14 14:54:48 +0000 2017,@AmazonHelp Yes! Nothing. Im fuming.,2405090,2405092.0
1380502,441346,True,Sat Oct 28 05:20:33 +0000 2017,"Seria meu sonho trabalhar na @117086??? 
S
E
R
I
A",1380501,
274728,181633,True,Sat Nov 25 02:51:11 +0000 2017,"@115851 Even after requesting and then sending legal notice to Amazon India to stop sellers undercutting us by selling counterfeits of Aquagrand Plus &amp; Florentine purifiers, they are not blocking them for mere sales. I believe you do not support frauds. Need help #bezos",274727,
744175,194213,True,Wed Oct 11 15:26:47 +0000 2017,"@AmazonHelp getting my prime parcel delivered to a business address and it says until 9, we close in 35 minutes, need the parcel. Help!",744174,
1512019,470939,True,Fri Nov 03 18:05:44 +0000 2017,@AmazonHelp What if I made my order from UK?,1512020,1512018.0
1541876,477745,True,Sat Nov 04 14:44:10 +0000 2017,@AmazonHelp I have a gift card attached to this account what will happen to it?,1541877,1541875.0
1892074,564184,True,Wed Nov 15 00:54:34 +0000 2017,I don’t understand why @AmazonHelp gives me a credit when my items are late but do nothing when my items don’t show up at all.,"1892071,1892075",
922696,168400,True,Sat Oct 21 13:17:45 +0000 2017,@AmazonHelp any idea when my order is due? its due to be picked up from a pinball locker,922693,
1956137,580543,True,Thu Oct 19 09:12:02 +0000 2017,@AmazonHelp Have done that,"1956139,1956140",1956136.0
2657342,749142,True,Sat Nov 18 20:52:58 +0000 2017,@AmazonHelp Hi. Ordered a @749143 lens via @115821 and @118706 lost it. The sender didn’t insure the package so I can’t make file a claim on it. What are my options?,2657341,
2544940,723385,True,Mon Nov 27 18:38:47 +0000 2017,"@AmazonHelp Still not received it. Had another delivery from you, but not the things that were meant to arrive yesterday",2544942,2544939.0
2709899,760942,True,Mon Nov 20 02:21:45 +0000 2017,@AmazonHelp I have done all this but it still does not seem to work,2709900,2709898.0
2602231,736324,True,Fri Nov 17 08:25:52 +0000 2017,@AmazonHelp I cant get to the site to even loh in,2602229,2602233.0
274887,181672,True,Fri Oct 06 06:21:23 +0000 2017,@AmazonHelp ありがとうございます。,274886,274888.0
1659686,207485,True,Mon Nov 06 05:31:07 +0000 2017,"@AmazonHelp For same issue,Safe T claim does reimbursement as a successful order then why FBA is malpracticing it under the name of FAIR MARKET VALUE?","1660439,1660440",1659685.0
1175653,396550,True,Sun Oct 15 20:37:46 +0000 2017,"@AmazonHelp 
Hey preordered the new @212203 game and no relase day delivery. Messaged and called customer service no help https://t.co/iWWG3Slz4S",1175651,
1638621,501075,True,Tue Oct 17 13:12:53 +0000 2017,"@116090 Like maybe if I order my stuff from a robot, I should expect an angry guy to shove it through my door?",1638619,1638629.0
400320,202267,True,Mon Oct 09 19:31:40 +0000 2017,"@AmazonHelp I’ll get her to do that, thanks!",400321,400319.0
511686,237635,True,Sat Dec 02 00:00:53 +0000 2017,"@AmazonHelp I have done that now, can you please tell me though why your website advertises delivery by 8pm when in fact it can be up until 10pm? this is not mentioned anywhere in the ordering or tracking stages.",511687,511684.0
232205,144471,True,Thu Oct 05 10:48:01 +0000 2017,"Being a @115850 prime customer, why I'm not getting unlimited photo storage ??? 

@AmazonHelp https://t.co/TpFXPFTKXi",232204,
1760531,347143,True,Tue Nov 07 20:01:59 +0000 2017,@AmazonHelp Are you going to help me with this @AmazonHelp?,1760528,1760537.0
1354463,435859,True,Sun Oct 29 15:19:44 +0000 2017,"@AmazonHelp refund was received few minutes earlier, please convey my gratefulness to the team! thanks! and please from next time give a longer timefame","1354464,1354465",1354461.0
2772445,774927,True,Mon Nov 27 00:09:05 +0000 2017,"Always a joy when @118706 marks my @115821 shipment as delivered, but doesn't bother to actually deliver the package

@123967 #Fail #Fraud",2772443,
717642,291837,True,Wed Oct 11 00:49:20 +0000 2017,"@115821 why do I have a random charge for $11.84 for ""amazon prime"" when I am not a prime member and haven't made a purchase in a long time",717640,
469429,226779,True,Fri Dec 01 07:05:20 +0000 2017,"@AmazonHelp just now I received a package and opened it.. see the damage you are making.. my book.. which I ordered and also paid you extra delivery charges for this.. then also getting this type of service..
@115850 this is how treating costumers..?? https://t.co/KTDnFZm7xV",469426,
2817177,785326,True,Mon Nov 27 03:38:36 +0000 2017,"Amazonプライム入ったから
送料なしでタコツボ買えたし
すぐに届いて助かる。
ちゃんと使ってくれた☺️ https://t.co/lfhmmLrGBY",2817176,
234525,171835,True,Thu Oct 05 13:02:09 +0000 2017,@115850 need help with regard to contact number that is given in my profile,234523,
2948080,814210,True,Wed Nov 29 16:34:43 +0000 2017,Hola @116928 creéis que me puede llegar un producto en estas condiciones? https://t.co/qcXwwmQd5y,2948078,
45526,126077,True,Wed Nov 01 16:40:54 +0000 2017,"@115830 Hi, my 'next day' delivery has so far taken a week. Any chance you can speed it up a bit? #NotImpressed",45524,
101729,138283,True,Thu Nov 30 17:34:16 +0000 2017,"@AmazonHelp Una pregunta: hice un pedido que figuraba que llegaba el lunes 4. Al comprarlo me salía que la fecha prevista de entrega era el miércoles 6, pero hoy a cambiado que está previsto para llegar el lunes 4, ¿Y este cambio de fechas? Gracias!",101727,
836188,319054,True,Fri Oct 13 08:49:00 +0000 2017,Where do I buy this? @115850 @118702 https://t.co/dp5KiytWYF,836186,
515316,238699,True,Sat Dec 02 00:30:32 +0000 2017,Hey @115821- thanks for being awesome and having great customer service. I was able to get my problem resolved in a matter of minutes!!,515315,
2390500,688607,True,Tue Nov 14 10:59:28 +0000 2017,"@AmazonHelp I have been contacted by a very helpful representative called Michelle who has said it will be delivered today.Having said that somebody really needs to look into these drivers constantly marking items as delivered when they haven't been, as it is putting me off buying from you.",2390501,2390499.0
2868464,796609,True,Tue Nov 28 01:05:06 +0000 2017,Where my package? @115821 @115817 @AmazonHelp https://t.co/DAFF5WYSco,"2868463,2868465",
1223670,332759,True,Thu Nov 16 13:53:23 +0000 2017,"@116928 compré un libro, se perdió en el camino, volvieron a mandarlo, no llegó, hice todo tipo de gestiones sin éxito. ¿Cuándo me van a entregar el libro? Pedido n.º 408-4988809-6162761",1223669,
917047,337708,True,Sat Oct 21 10:08:58 +0000 2017,@AmazonHelp Prime membership fee return. I've been never use that services. But 99 dollars purchased. I want to return them.,"917048,917049",917045.0
1247293,412642,True,Thu Oct 26 01:18:21 +0000 2017,"@117634 @115821 Your latest Kindle app update is so terrible it means uninstall, and if I'm not reading then I'll have to cancel Prime",1247291,
468244,226493,True,Fri Dec 01 06:00:07 +0000 2017,"@AmazonHelp Engineer supposed to come today at 10 am, he hasn't come and he is not picking up his phone. I am sick and tired of this now",468243,468245.0
2480928,708894,True,Sun Oct 29 22:25:31 +0000 2017,"@AmazonHelp yes, 10 times. I change it but can't login using my new p/w.",2480930,2480927.0
2384562,282320,True,Fri Oct 20 09:00:06 +0000 2017,@AmazonHelp Only that it would be sometime today. The item was needed for an important client this morning so was ordered weds on prime next day,2384564,2384561.0
2632966,253204,True,Fri Nov 17 18:39:24 +0000 2017,"Can anyone on @AmazonHelp advise on a quick query? If I buy an @115830 e-voucher for my friends in Southern Ireland, where they obviously have euros, will they still be able to use them? Many thanks in advance. :-)",2632965,
2490686,127905,True,Wed Nov 15 16:46:56 +0000 2017,.@AmazonHelp where do I get support for Amazon Photo?,2490684,
399879,210547,True,Mon Oct 09 18:57:14 +0000 2017,@210549 @116316 einen Baumwollstrick bitte,399877,399888.0
1298495,423466,True,Thu Oct 26 22:41:17 +0000 2017,Just my luck... who did you deliver my package to @115821 ????,1298494,
1971956,584101,True,Sun Oct 29 01:54:02 +0000 2017,@AmazonHelp is there a way to have my same day deliveries delivered same day? I’ve had a 0% success rate on 3 orders. Is Prime punishing me?,1971954,
1529921,474829,True,Fri Nov 03 20:15:56 +0000 2017,@AmazonHelp The last tracker today says it will arrive between Saturday and Wednesday. If I needed it next week I wouldn’t have been using prime https://t.co/CiyqxPFT8c,1529923,1529919.0
2957083,816259,True,Wed Nov 29 19:38:17 +0000 2017,@AmazonHelp Porque todo llega en tiempo y forma!! Si necesito algo urgente es la mejor opción para tenerlo en menos de 24 horas! 😍,2957085,2957082.0
2532496,720718,True,Mon Oct 30 12:01:03 +0000 2017,@720719 @115825 Vielleicht morgen.,2532495,2532497.0
1379342,441124,True,Mon Oct 16 15:38:54 +0000 2017,@AmazonHelp Cheers for the quick response. Can't seem to select location for N.Ireland. I'll wait for ticket link and check back. Thanks again 😁,1379344,1379341.0
234138,171754,True,Thu Oct 05 12:56:04 +0000 2017,@AmazonHelp （´-`）.｡oO (地元のスーパーに置いてないものも取り揃えて下さってるので大変重宝してます…ありがとうございます…),234140,234137.0
2722144,763716,True,Sun Nov 26 23:15:14 +0000 2017,@AmazonHelp The delivery map feature is fun. I got to watch my driver get rerouted 3 times when across the street from me and then circle my building for an hour before driving away.,2722143,
2306093,669035,True,Sun Nov 12 22:53:23 +0000 2017,無料プライム解約するの忘れてたしぴったり30日過ぎてて絶望,2306092,
2777424,775975,True,Tue Nov 21 15:41:33 +0000 2017,@AmazonHelp Estoy muy harta de esta situación. Lo he dicho por activa y por pasiva y seguís mandando cosas por Correos. LA GENTE PAGA POR UN SERVICIO. DADLE ESE SERVICIO. CORREOS NO PROPORCIONA ESE SERVICIO.,2777422,2777426.0
527629,242140,True,Sat Dec 02 08:06:21 +0000 2017,@AmazonHelp I'm trying to get a package delivered too my po box and it's going through ups surepost and they keep trying to bring it too the post office when it's closed and I don't know what to do. I just want my package.,527628,
752372,299819,True,Wed Oct 11 14:05:21 +0000 2017,"Echt jetzt, @124285 @116316??? https://t.co/gFhgli3pY6",752370,
2418487,694895,True,Tue Nov 14 17:54:28 +0000 2017,@AmazonHelp It says “Not yet shipped” https://t.co/juTj5Wd1ch,2418485,2418489.0
2960505,799915,True,Wed Nov 29 20:38:44 +0000 2017,How do you deal with CSReps like the ones at @116090 that don’t have the reading comprehension skills required to understand your problem?,2960500,
65809,131051,True,Thu Nov 30 08:30:29 +0000 2017,@115830 WTF!!! Just been sent 2 parcels of used rubbish 😱😡 https://t.co/25Nlai5L21,65808,
378847,205904,True,Thu Oct 12 12:08:30 +0000 2017,@AmazonHelp Thanks amazon. Issue sorted finally. You guys are the best.,378849,378846.0
2318208,672037,True,Mon Nov 13 10:04:55 +0000 2017,"@132789 @122424 is so unresponsive in their support that they could not solve a problem in months
same is the case with @AmazonHelp. both colluded to cheat customer. both of them are equally unresponsive. @115851.",2318207,
1380576,441362,True,Mon Nov 06 23:31:24 +0000 2017,@AmazonHelp It’s been replaced once (the 1st time) and “updated” the 2nd. It won’t even turn on now. It’s fully charged.,1380575,1380577.0
21583,120701,True,Tue Oct 31 11:43:24 +0000 2017,@AmazonHelp Trust me it useless to narrate my experience in the app feedback...I want a resolution... And commitment that this won't be repeated and a compensation,"21584,21582",21585.0
548009,247506,True,Sat Dec 02 18:25:32 +0000 2017,"@AmazonHelp Uff. Hab es raus gefunden. Lag an unterschiedlichen Verrechnungsbeträgen aus den cyberweek Aktionen, die nur auf den Rechnungen, nicht aber in der Bestellübersicht zu finden sind.",548011,548008.0
2603075,736640,True,Fri Nov 17 08:53:08 +0000 2017,"@120533, I have been client of US Amazon since years ago and over there the service is impecable however I cannot understand why here in France your service is so erratic so unreliable. This 3rd time I try to buy this item unsuccessfully .Please check your management system... https://t.co/7PoWI11iDM",2603074,
1403211,446251,True,Mon Oct 16 16:47:10 +0000 2017,"@137605 Sin respuesta, pedido realizado el miércoles 13 de Octubre en @116928 envío en 1 día",1403209,1403216.0
1363153,437401,True,Fri Oct 27 20:46:10 +0000 2017,I thought @117795 next day delivery meant next day delivery. Apparently not. #amazon #prime massive let down.,1363152,
989748,354460,True,Sat Nov 25 10:24:52 +0000 2017,"I want to know about the return policy of this product https://t.co/HL9VMddMmH in case there is any problem, you know. @115850",989747,
2331895,674998,True,Fri Oct 20 01:09:55 +0000 2017,"@AmazonHelp 
kindle unlimitedをキャンセルできません。メンバーシップの管理というページにいっても表示されるのは会員登録を継続というボタンのみです。
入会日から２ヶ月たっているのですが、先月からこの状態で、◯◯日まで利用できますも１ヶ月更新されています",2331894,
811611,313375,True,Thu Oct 12 19:35:35 +0000 2017,@117795 your delivery person wouldn't answer his phone and cancelled my order. Why can't I cancel his tip?,811610,
2504969,477376,True,Wed Nov 15 21:03:26 +0000 2017,@AmazonHelp paid for an HD video and got this https://t.co/VjCqshN79m,2504968,
1327029,429618,True,Sat Nov 25 20:50:12 +0000 2017,Thanks @115830 for leaving my parcels just on my door step for everyone to see 👍👍👍👍👍,1327028,
2922621,808810,True,Wed Nov 29 01:50:48 +0000 2017,"There is nothing quite as enjoyable as spending an hour putting together a toddler bed only to discover on the final step they didn't give you the proper parts. Thanks, @115821!",2922619,
299616,187417,True,Sat Oct 07 03:28:46 +0000 2017,@AmazonHelp i have shared the details but no one has contacted me yet. If you not able to contact me in next one hour there is no reason to contact me.,299617,299614.0
2757405,771682,True,Tue Nov 21 02:54:58 +0000 2017,"@AmazonHelp Need immediate assistance, booked an online movie ticket with BookMyShow, received transaction ID but haven't received details of the payment or seat numbers yet.",2757404,
417031,214491,True,Tue Oct 10 02:56:11 +0000 2017,Salty because my amazon order says that my package has been here since Thursday but somehow our post office doesn't have it 🙃,417029,
2102500,620878,True,Wed Nov 08 10:57:27 +0000 2017,"@AmazonHelp ご丁寧にありがとうございます。
久しく利用していませんが、機会がありましたらまたお買い物させてください。",2102499,2102501.0
1219921,406217,True,Wed Oct 25 15:33:31 +0000 2017,@AmazonHelp Telefon-Support angeben könnte! (2),1219922,1219920.0
229824,170768,True,Thu Oct 05 09:07:43 +0000 2017,"@AmazonHelp Done.But wont keep silence if I wont get the same item.
Now its cost is more than what I hv ordrd actually.
It is ur fault u hv to pay 4 it",229826,229823.0
802313,311187,True,Thu Oct 12 16:49:59 +0000 2017,"@AmazonHelp Kann es sein, dass dieser Hinweis in der mobilen Ansicht nicht angezeigt wird?",802314,802312.0
2823959,786822,True,Mon Nov 27 09:27:24 +0000 2017,@AmazonHelp Ordering items as usual but the address on the box is incorrect. Luckily my neighbour redelivers them for you.,2823961,2823958.0
2403846,691488,True,Wed Nov 15 14:56:58 +0000 2017,@AmazonHelp Still no resolution #BoycottAmazon don't use amazon anybody amazon is a cheater and won't fulfill your orders they are just liars and fraud,2403847,2403845.0
2884085,800055,True,Tue Nov 28 10:41:13 +0000 2017,"Ahhh man! @115830 or @126705 played rugby with my new candle. It smells good though, it's just in a thousand bits! https://t.co/IiauKcFEgW","2884084,2884086",
579088,255992,True,Sun Dec 03 10:54:31 +0000 2017,@AmazonHelp Who do I ask for?,579086,579089.0
1661842,506831,True,Tue Oct 17 14:53:56 +0000 2017,It's silly how hard it is to change my Super Mario Odyssey pre-order on @115821. I want to change my physical order to a digital one. dasit.,1661840,
246486,174543,True,Thu Oct 05 15:15:32 +0000 2017,@AmazonHelp fuck! Can you guys have the decency to call? Give me my money back you shits. #Panic #ecommerce #Theft,"246485,246487",
2736368,309662,True,Tue Nov 21 02:34:36 +0000 2017,@AmazonHelp Still no package.. never using #amzl_us again.,2736369,930296.0
1125133,385297,True,Wed Nov 15 13:34:18 +0000 2017,"I'm loving my @115833! ❤️ But how do I train Alexa or create voice profile? There seems to be an error in the Settings &gt; Your Voice. I can't click ""begin"". https://t.co/AzgksdpTtG",1125132,
2536409,445566,True,Thu Nov 16 08:17:48 +0000 2017,@AmazonHelp This review is in violation of your community guidelines. Please have it removed. Thank you. https://t.co/L2WBaI4xvp,2536407,
363674,202185,True,Sun Oct 08 17:14:43 +0000 2017,@115850 had ordered mi3c wifi router.prices drstically changed in few days.kindly refund d xtra amnt if possible. it'd be a great gesture,363673,
35851,123811,True,Thu Nov 02 20:26:35 +0000 2017,@AmazonHelp they took additional details and verified my phone and still failed to deliver today.  I assume i need to stand out on the street waving.,35852,35850.0
427300,216638,True,Tue Oct 10 13:08:57 +0000 2017,@115830 what is up with your delivery service? Drivers suddenly ignoring my safe place instruction - after 2 yrs of #prime membership! 😡,427297,
132425,145875,True,Fri Nov 24 08:05:10 +0000 2017,@AmazonHelp Trying to escalate a returns issue. A supervisor was supposed to email me yesterday morning but didn't.,132423,132429.0
316305,184608,True,Sat Oct 07 08:04:46 +0000 2017,@115850 Absolutely thrilled to inform you that my package supposed to be delivered by 8 pm yesterday has still to reach me at 13:40 today,316304,
2734314,766362,True,Mon Nov 20 18:35:51 +0000 2017,@AmazonHelp No me ha llegado el paquete que tenia que llegar el 18 y aun nada,2734313,
1229526,119403,True,Wed Oct 25 21:00:10 +0000 2017,"Halloween is sorted ladies and gents, @115821 have me broken glasses but you get the idea 🎃😂 https://t.co/cuuMxcU1Cr",1229525,
2835615,789282,True,Mon Nov 27 14:59:43 +0000 2017,@AmazonHelp The safe place is in the shed 😂 it always has been but they just didn’t this time . The item was supposed to be a present ! It’s ruined,2835614,2835616.0
2230325,481013,True,Fri Nov 10 15:02:23 +0000 2017,Well the service that you provide @115850 is impeccable! It's been over 10 days and the product is still not been delivered. Infact paying for same day delivery you didn't deliver it on the same day. Great experience @115821 @115830,2230323,
953141,346152,True,Sat Oct 21 20:36:11 +0000 2017,"@115833 Do I ALWAYS hv to tell #Alexa “to play on @115888” after a request for my premium acct? Otherwise, it’ll ONLY play a sample.",953140,
420447,215067,True,Wed Oct 11 11:21:45 +0000 2017,@AmazonHelp You may contact me at +91 9029558838,420449,420444.0
2418185,694859,True,Tue Nov 14 18:01:26 +0000 2017,"@AmazonHelp I ordered the camera camera but it did not leave the facility. I also payed the one day shipping fee was supposed to receive it today and all the facility could do is look for it.  Sometimes giving free shipping due to inconvenience is not good enough, I needed this camera today.",2418184,2418186.0
994189,178186,True,Sat Oct 14 13:26:39 +0000 2017,@AmazonHelp UK,994190,994188.0
2281462,663172,True,Sun Nov 26 15:43:37 +0000 2017,@115821 @115830 NOT HAPPY! firstly you just leave my parcel on my door step for anyone to take and secondly it is so badly wrapped that the contents fell out as my husband picked it up giving the contents away and showing him his Christmas gift! #part 1 #nothappy #amazon,2281461,
1936424,576114,True,Wed Oct 18 15:06:12 +0000 2017,@AmazonHelp I have reset and changed my password multiple times yet it always says it's incorrect,1936423,
318905,178550,True,Sat Oct 07 08:54:54 +0000 2017,Still waiting for the apology letter from both dept. customer care supervisor and delivery team @AmazonHelp @115850 @115851,318904,
888332,330922,True,Sat Nov 25 14:05:25 +0000 2017,"I ordered gold coin on 15th Oct'17 and received empty package on 29th Oct'17. No proper response and eluding from the facts,Order No: 402-1141217-7676326
I Trust your logo A-Z smile and hope I get my issue resolved at the earliest.
#IAMTHEVICTIM
@115850 @115851","888333,888331,888334",
1714287,399141,True,Tue Nov 07 02:39:34 +0000 2017,@212074 I paid for 1 day delivery it shipped yesterday eve so its going to b 2 day because amazon should have sent the info Fri to ups 4 1 day today,1714286,1714288.0
1483556,464513,True,Fri Nov 03 11:25:29 +0000 2017,@AmazonHelp It was delievered today. Thanks!,1483558,1483555.0
609450,264876,True,Wed Nov 22 12:27:14 +0000 2017,"Ah tiens, amazon Allemagne fait toujours des promotions sur les CDs contrairement à amazon France. Pour ben je sais où je vais aller les commander désormais. @120533 @116316",609448,
139977,147578,True,Fri Nov 24 11:27:37 +0000 2017,"AmazonVideoで神様メール (https://t.co/db0LDxWJHp)を視聴中…
#神様メール
#映画
@120465",139976,
1539907,477284,True,Tue Oct 17 23:00:13 +0000 2017,"@AmazonHelp Yes, I have not received a response.",1539908,1539906.0
99791,137847,True,Thu Nov 30 19:59:39 +0000 2017,@AmazonHelp @AmazonHelp your team doing totally farud with us we are seller if our account was suspend then why your team not giving any support or guide us. You charging a big amount commission and also doing farud,"99793,99794",99789.0
180136,158389,True,Wed Oct 04 07:56:25 +0000 2017,@AmazonHelp Done.,180135,180137.0
2752525,270761,True,Tue Nov 21 01:18:57 +0000 2017,"@116875 Llevo más de dos semanas tratando de averiguar el estado de un reembolso, pero seguramente la importancia que le ponen a su clientela en la misma situación, es la veces que nuestro presidente sabe decir bien: infrastructure ¡Gracias, Amazon! Son de lo peor.",2752523,
936075,341920,True,Fri Oct 13 23:12:31 +0000 2017,@AmazonHelp Nope from your warehouse. First one was replaced and just got the replacement today and same thing,936077,936074.0
1043654,366798,True,Mon Oct 23 10:19:17 +0000 2017,@AmazonHelp @115821 @115850 Can you tell me if I can expect delivery of my product today?,1043655,1043653.0
2541748,722699,True,Thu Nov 16 12:00:45 +0000 2017,@2600 et amazon vous vous moquez de moi pour les deux commandes qui devaient arriver aujourd'hui et/ou demain Et qui sont en retard,2541746,
489503,220269,True,Fri Dec 01 16:08:16 +0000 2017,"the good wife ist endlcih wieder auf Prime Video, und diesmal alle Staffeln! Kann ich das endlich mal beenden.",489502,
1950054,342210,True,Wed Oct 18 16:56:56 +0000 2017,@AmazonHelp Can you look into my order to see when it might ship?,1950056,1950053.0
2064377,404003,True,Wed Nov 08 15:47:38 +0000 2017,@AmazonHelp Plz do give me reply in link,"2064378,2064379",2064375.0
1755211,528605,True,Tue Nov 07 19:20:01 +0000 2017,@AmazonHelp  I am waiting for my one day promised delivery even on the second day. PATHETIC! No response. Order# 114-1485690-6070629,1755209,
2862046,567156,True,Mon Nov 27 22:54:57 +0000 2017,"@115821 @123967 i called customer service and they told me to ""try to locate my package"" .... How am I supposed to locate my package??!",2862044,2862047.0
1206829,376220,True,Wed Oct 25 09:54:49 +0000 2017,@AmazonHelp all 2000 rs gvs bought from Bookmyshow and Giftyr have been locked in Amazon account.  C care doesn't have any info in this,1206831,1206828.0
965182,349039,True,Sat Oct 14 04:06:30 +0000 2017,Wow! Very unimpressed with @115830. The customer service is very unhelpful.,965179,
2470996,706750,True,Wed Nov 15 11:54:19 +0000 2017,@AmazonHelp Amazonさん、ありがとう😊,2470998,2470995.0
627663,249664,True,Wed Nov 22 15:35:08 +0000 2017,"@AmazonHelp I would contact the carrier Hermes if the contact information was readily available. All I have is the tracking information and number. Checked with neighbours, no sign of it. How do I contact the carrier.",627665,627662.0
609352,264856,True,Wed Nov 22 12:16:38 +0000 2017,@AmazonHelp Why can’t u write and responses all at once what was the reason to let u know the issue at first place,609351,609353.0
2205456,644833,True,Thu Oct 19 14:27:19 +0000 2017,Poke @87179 https://t.co/p1nHnkGTAo,2205454,
391166,208618,True,Tue Oct 10 06:37:42 +0000 2017,"@AmazonHelp Once again.........This is sheer harassment.... Utterly shameful, not first time, I am harassed for returning a product completely damaged https://t.co/hQMOHgIhBF",391167,391165.0
760445,301698,True,Wed Oct 11 20:16:23 +0000 2017,"@AmazonHelp Yes I did but not impressed with the people on the phone.Why didn't your people ring the bell,why wasnt a card left and where is the parcel?",760447,760444.0
1573576,484862,True,Sat Nov 04 14:03:27 +0000 2017,@AmazonHelp order no - 404-8924729-6533111 I received the defective product but your replacement procedure is more frustrating and irritatng,"1573575,1573577",
676201,281295,True,Thu Nov 23 12:40:43 +0000 2017,@AmazonHelp Oui tous chez Amazon enfin ce setup la avant je prenez chez Cdiscount mes trop de Default pour moi retard de livraison et trop cher ^^,676202,676200.0
544452,246499,True,Sat Dec 02 16:49:57 +0000 2017,"@AmazonHelp En ""compañía de transporte: other"" y al clicar encima me sale este mensaje https://t.co/dkmVqwIIDW",544454,544451.0
1175478,360299,True,Tue Oct 24 19:54:35 +0000 2017,Amazon have 7 mins left to deliver the package I ordered 4 days ago with 24hr delivery with #AmazonPrime #UtterlyUseless,1175477,
2516976,716986,True,Wed Nov 15 23:45:51 +0000 2017,@AmazonHelp pondréis mas teclados motospeed ck104 white en el stock? Lo necesito porfavor 😥,2516975,
494125,232821,True,Fri Dec 01 17:10:15 +0000 2017,@115821 @115830 @AmazonHelp,494123,494129.0
595705,261155,True,Sun Dec 03 18:57:20 +0000 2017,Lol @115821 when my package was guaranteed to be here last Thursday because of prime and it’s still not here on Sunday #annoyed,595703,
20439,120468,True,Wed Nov 01 06:46:01 +0000 2017,"Amazon is starting to piss me off. All of the sudden it wants to charge me money to return shit. No thank you.
@115821",20437,
739756,296914,True,Wed Oct 11 13:17:09 +0000 2017,"@115850 
COMPLAINT
Placed orders fully paid Oct 2
404-16080833-0173932
404-0000450-4438760
Notrecd 4calls to cust serviceWant items urgent","739755,739757",
2111054,509289,True,Fri Nov 10 16:54:33 +0000 2017,@AmazonHelp @115850 is applying predatory practices. No option to write product review for @121284 . Quite a master stroke!,2111055,2111053.0
1746120,244607,True,Tue Nov 07 14:54:02 +0000 2017,@AmazonHelp I recharged my jio no for the first time using amazon pay. But I received a mail saying I’ll get cashback of ₹20 instead of ₹99.,1746119,
162080,153418,True,Fri Nov 24 18:50:21 +0000 2017,"Desde segunda estava selecionando livros pra comprar na Amazon. Minha compra no total estava dando quase 800 temers. Fui ver hoje o meu carrinho de novo pra ver se haveria desconto de verdade e tava dando 550 temers! Te amo, @117086 😍",162078,
179674,158316,True,Wed Oct 04 13:07:53 +0000 2017,@AmazonHelp En cuántas horas? Sólo recibo correos identicos como si tuvieráis 10 robots...,179673,179675.0
21948,120779,True,Wed Nov 01 12:15:59 +0000 2017,@AmazonHelp yes did that but no outcome till now. waste of time,21950,21947.0
2538960,722083,True,Thu Nov 16 09:20:38 +0000 2017,"@AmazonHelp 
I need to know about Amazon pay",2538959,
905908,335071,True,Sat Oct 21 10:31:16 +0000 2017,"@AmazonHelp You should just say, ""Sorry about the delay, your package will be delivered in 36 hours?""",905913,905907.0
153644,136742,True,Fri Nov 24 16:58:58 +0000 2017,"@AmazonHelp Farei isso, obrigado! :D",153645,153643.0
1910354,569104,True,Wed Nov 08 05:49:53 +0000 2017,@116618 Any chance of releasing @132976 on #Bluray?,1910352,
311625,190413,True,Sat Oct 07 03:09:57 +0000 2017,"Come on @115821, you gotta do better! Package was supposed to be here today @ 8pm. It's 8:07 and now it's delayed for a couple days?! 😩😒",311623,
1623901,497407,True,Sun Nov 05 17:51:52 +0000 2017,Always used to have really reliable prime deliveries from @115830 but the last two have been a mess 🤨,1623900,
407443,212123,True,Mon Oct 09 22:06:47 +0000 2017,"@AmazonHelp Ok tenia.como 5 minutos supongo que.apenas recibieron la.orden cuando.cancele , gracias",407442,407444.0
1266360,383095,True,Thu Oct 26 13:20:08 +0000 2017,"@AmazonHelp Après ça pas forcément de votre faute, c'est la la poste qui livre il me semble non ?",1266362,1266358.0
181111,158536,True,Thu Oct 05 07:05:45 +0000 2017,@AmazonHelp This link is not useful for my issue.,181113,181110.0
123399,143570,True,Fri Nov 24 01:11:58 +0000 2017,"@AmazonHelp I tried getting you to call me on 2 different phones. Neither rang. It appears I am not the only one unhappy with @6967 courier. Quick search for #amazon &amp; that's the first 2 tweets. If this is how my free trial of Prime is, you can bet I'm not going to pay for it.","123401,123402",123398.0
622452,267741,True,Wed Nov 22 17:38:34 +0000 2017,Absolutely shocking service from @115830 pay for prime order things using prime told they will be delivered the next day but still waiting for delivery 3 days later 😡😡😡😡,622451,
479318,228911,True,Fri Dec 01 13:01:53 +0000 2017,@AmazonHelp Hola. ¿Hay alguna forma de contactar con el mensajero para saber a qué hora tiene previsto hacer una entrega? Muchas gracias.,479316,
2957021,598997,True,Wed Nov 29 19:22:20 +0000 2017,It looks like I cannot access my #primevideo when I'm visiting/working in #Canada . ?? @115821 @AmazonHelp Thx!,"2957020,2957022",
1262248,415656,True,Thu Oct 26 10:40:51 +0000 2017,"Getting further disappointed with @115830 'prime', seems increasing numbers of items marked as prime delivery yet take 3-5 days to arrive",1262246,
1620652,496691,True,Sun Nov 05 16:13:18 +0000 2017,"@115821 140 shipments to make and rude seller permonace stopped everything saying ""rewiew"" small company dying here ,national trading llc",1620650,
385928,207367,True,Mon Oct 09 12:02:40 +0000 2017,@115850 have the problem with new product (moto g) plz help,385927,
1751540,527735,True,Tue Nov 07 18:48:14 +0000 2017,"@AmazonHelp bonsoir, oui, mais bon, j'ai juste à espérer que le livreur re-passera à un créneau où le gardien sera présent !",1751542,1751539.0
1820478,309437,True,Wed Oct 18 03:11:26 +0000 2017,"@115850 Thank u 4 givng me nightmares 4 my order delivery and plz thank 'Ecomm' on my behalf
Worst service ever.
0*
#Amazon
#WorstService",1820476,
762477,302182,True,Wed Oct 11 20:32:29 +0000 2017,@115850 Why Prime-Video's Patriot Series don't have subtitles to translate French and Arabic used in the series? Please Respond.,762474,
2922584,808802,True,Wed Nov 29 03:31:01 +0000 2017,@AmazonHelp I called via your link? I got $10- order was 34 minutes late on top of all the cancellation stuff,2922585,2922582.0
1268307,416962,True,Thu Oct 19 03:35:55 +0000 2017,@AmazonHelp Email said “pending”. But item before checkout said Friday. And says back in stock on 20th but not shipping for another 4-6weeks?,1268306,1268308.0
2427494,697009,True,Tue Nov 14 19:44:11 +0000 2017,"Release date: Friday 17 November 2017

Arriving: Saturday 18 November 2017 

WHY @115830, WHY??

*sad face* https://t.co/G3TAco754c",2427493,
1275041,418465,True,Thu Oct 26 15:34:24 +0000 2017,@AmazonHelp I’m missing an order that cost me over $70 and all your customer service says is that I need to wait. I need actual answers.,1275040,
1208375,403721,True,Wed Oct 25 10:19:30 +0000 2017,@115850 I am not able to contact amazon customer care. My refund is languishing for months now.,"1208374,1208376",
1229431,408363,True,Mon Oct 16 01:17:13 +0000 2017,@AmazonHelp Today but it's 6:17 doubt u guys will come thru,1229433,1229430.0
236168,172248,True,Thu Oct 05 14:19:31 +0000 2017,@AmazonHelp The link u ve sent is different-M afilm maker &amp;wnt to get in touch with the concerned dept whch deals in movies(theatre)acquisitions n India,236170,236167.0
542125,245816,True,Sat Dec 02 16:07:24 +0000 2017,"@116316 Bestellung wird als zugestellt angezeigt, auf meinem Namen. Paket ist aber nicht da, auch ein Zettel von der DHL",542124,
1401542,445872,True,Thu Oct 19 09:50:56 +0000 2017,"@16828 U buy during festive sale for the festival n amz india will hold the shipment in their warehouse for delayed delivery, excellent",1401540,
219519,168355,True,Thu Oct 05 02:54:25 +0000 2017,@AmazonHelp @115851 I haven't received any email and plz stop posting the same reply everytime.,219521,219518.0
1553228,165089,True,Sat Nov 04 10:52:20 +0000 2017,@AmazonHelp Please trust us! We promise your delivery will be with you today/tomorrow! We can  offer refund! Weve escalated this! It wont happen again!,1553226,1553230.0
1015634,360299,True,Sun Oct 22 19:00:12 +0000 2017,"@360300 @115821 I've no idea why I joined Prime, the Amazon couriers are utterly useless, rarely get anything on time",1015632,1015635.0
105014,139201,True,Thu Nov 30 18:32:54 +0000 2017,@AmazonHelp I have but I do not believe them when they say the bag was damaged on delivery to me. They package was well wrapped and this is the mark https://t.co/YtXPrH4KBv,105013,105015.0
677610,146154,True,Thu Nov 23 07:49:39 +0000 2017,@AmazonHelp If i place the fresh order im being charged extra for delivery by today,677611,133807.0
1765199,530950,True,Tue Nov 07 21:40:10 +0000 2017,@AmazonHelp Thanks I know that. I wondered why it hasn’t been next day delivery if I paid for prime. I needed it today for a gift.,1765201,1765198.0
1259902,322597,True,Thu Oct 26 10:07:21 +0000 2017,"@AmazonHelp Merci beaucoup ! Je ne trouvais pas le lien du SAV sur le site Amazon. Mon problème est réglé, bonne journée !",1259904,1259901.0
160393,152948,True,Fri Nov 24 18:25:27 +0000 2017,@AmazonHelp 😂 😂 alles gut.. Waren nur zwei. War schon okay so. Sicher ist sicher. Kokosöl Flasche war drin.,160392,160394.0
1257473,414666,True,Thu Oct 26 07:35:51 +0000 2017,"@AmazonHelp Ok, I will delete this image, thanks for taking care of our privacy.",1257472,1257474.0
1151717,391034,True,Sun Oct 15 15:26:17 +0000 2017,"I love you &amp; despise you at the same time, @115821",1151716,
131655,145689,True,Fri Nov 24 07:26:05 +0000 2017,"Cher @120533 ton service se dégrade ...
Je fais comment now ???? Il est où le joli bouton « service clients » ?
Et livraison mercredi au lieu de ce matin ??? https://t.co/eewn23idm7",131654,
2798365,483707,True,Tue Nov 21 22:57:31 +0000 2017,@AmazonHelp USPS. I had two packages that were supposed to be delivered and one came but the other wasn’t in my mailbox,2798364,2798366.0
1434011,452957,True,Sat Oct 28 20:39:31 +0000 2017,Letting @115821 box dry after an afternoon in the rain. Any way to request @115817 as our dedicated carrier? They never do this. https://t.co/1bNpm6vL8J,1434010,
1387710,442883,True,Sat Oct 28 10:08:38 +0000 2017,Voilà comment la Poste livre mon colis Amazon en bourrant dans la BAL ! Vraiment honteux l'état de l'emballage.  @AmazonHelp @132743 https://t.co/LkOJyEPmPp,"1387708,1387713,1387714,1387715",
2962775,817538,True,Wed Nov 29 21:15:08 +0000 2017,@AmazonHelp can I ask why a family members bank details - which were used when paying for two kindles from your website - were saved on both kindles when they switched it on post delivery???,2962773,
2343999,677891,True,Mon Nov 13 16:06:01 +0000 2017,@AmazonHelp i checked my bank account and i was charged for something that i wasn’t aware of and i checked my account on amazon and nonthing was their for the charge and i also checked my email and was not notified of the charge,2344001,2343998.0
726735,294083,True,Wed Aug 30 08:16:45 +0000 2017,@115850 @119625 When are you planning to bring Kannada content in Prime Video? I've been waiting from quite long. @24233,726733,
2509282,700231,True,Wed Nov 15 22:10:10 +0000 2017,".@AmazonHelp Still no word from you on what to do with this order that you shipped me in error yesterday. 

The one I contacted you about YESTERDAY.

Should I open it? 
Save it for Christmas? 
Give it to a friend? 

Your link doesn't have a ""Return an item shipped in error"" https://t.co/RLt318HBDb",2509281,
600265,262358,True,Sun Dec 03 20:52:29 +0000 2017,"@AmazonHelp Wenn ich drauf drücke tut sich gar nichts. Weder öffnet sich die App, noch kann ich dann irgendwas anderes drücken außer „Exit“. Ich hab sie gelöscht, aber nach wie vor ist das Problem noch da.",600264,600266.0
1505419,316227,True,Fri Nov 03 16:43:31 +0000 2017,"@AmazonHelp ""An Unknown error occurred""",1505422,1505418.0
1351730,188733,True,Sat Nov 04 05:23:03 +0000 2017,@AmazonHelp そうです,1351731,1351729.0
2723393,144274,True,Mon Nov 20 16:36:22 +0000 2017,"@AmazonHelp Sauf qu'on aurait pris chez un autre vendeur, qui était bien listé. Et l'erreur était que vous aviez listé des mauvais produits.",2723394,2723392.0
965219,334894,True,Sat Oct 14 04:10:42 +0000 2017,@AmazonHelp Once i go through end membership i will not be charged November 12th? Correct?,965221,965218.0
786813,307697,True,Thu Oct 12 09:24:21 +0000 2017,"@115850 I have ordered iphone 6 .It said the delivery date is by 17th Oct,bt nw it show delayed.why? Pls help.","786812,786814",
1739896,525037,True,Wed Nov 08 19:40:09 +0000 2017,@AmazonHelp You call me service is unavailable and im unable to call the number. #Help,1739897,1739895.0
2032957,601142,True,Sun Nov 26 11:47:21 +0000 2017,@AmazonHelp Vielen lieben Dank. Gleichfalls einen schönen Sonntag noch :),2032959,2032956.0
1228698,345301,True,Wed Oct 25 20:18:59 +0000 2017,"@AmazonHelp I've pressed the cancel button but it just says ""we're doing our best to cancel"" I really can't afford to go over limit on my card though","1228696,1228702",1228703.0
1568181,483870,True,Sun Nov 05 11:09:11 +0000 2017,@AmazonHelp Hmm. Der 05.11 und es wurde nichts versendet. Hoffen wir mal das die Xbox One X heute versendet wird und pünktlich zum Release bei mir ankommt. Denn sonst wird es seeehr knapp,"1568183,1568184",1568180.0
2935197,811528,True,Wed Nov 29 10:14:53 +0000 2017,"@115830 
Would like to thank all @115830 staff, especially the delivery drivers at this time of year. Thank you for your hard work.",2935196,
802419,311205,True,Thu Oct 12 16:17:49 +0000 2017,"@116316, ihr solltet im Ruhrgebiet wieder @124285 oder @122924 die Arbeit machen lassen: war zuverlässiger. 😒",802418,
2936611,131812,True,Wed Nov 29 11:25:48 +0000 2017,Duplicate /Fake  Bose Speakers Received from Amazon# Not solving Customer problem #Amazon selling Duplicate product in india# Worst customer experience in the world -Amazon #@115851 @115821 #@AmazonHelp #Cheating Indian customer with Fake Product # Stop buying from Amazon # https://t.co/SKEdZ1Rnjy,2936610,
155275,151610,True,Fri Nov 24 16:35:02 +0000 2017,Lo más chiro es que @116875 te regale dinero por ver series #BlackFriday #AmazonPrime #AmazonPrimeVideo,155274,
1102821,380239,True,Sun Oct 15 06:12:19 +0000 2017,@115850 Frm ystrdy the status remains same. We hvn't hold payment by any means. Nobody infrmd. We called the prsn bt he is having dayoff. https://t.co/0S6PkmDcDj,"1102820,1102822",
438706,219243,True,Tue Oct 10 19:25:37 +0000 2017,@AmazonHelp I didn’t request a change of address on this shipment https://t.co/rVA8tMgdjs,438708,438705.0
2474768,707526,True,Wed Nov 15 13:26:01 +0000 2017,"it’s only Wednesday and amazon prime has overdraft my bank account bc they charged me twice, I’m still in this dumb brace and can’t ball, uk lost last night, and I’m getting annoyed lol",2474767,
170915,155859,True,Fri Nov 24 22:04:11 +0000 2017,@AmazonHelp bought a Fire 7 today. Won’t allow me to register as says email address already exists. Can’t change password as it won’t accept post code on password change.,170913,
588663,259137,True,Sun Dec 03 15:56:03 +0000 2017,@AmazonHelp @115821  thanks for the insult https://t.co/pImOhVzIgB,588662,
1437375,453672,True,Thu Nov 02 14:07:11 +0000 2017,@115850 I have 1st generation @115833 device. When will I get update for it so that I can use it in India. Will I get it ever? ☹️,1437373,
431072,166676,True,Tue Oct 10 14:41:22 +0000 2017,.@115821 I'm showing you guys received a return but just got an email saying it wasn't returned??,431070,
881036,329199,True,Fri Oct 13 16:16:19 +0000 2017,"@115850 @115851 Placed an order on 10th Oct with an assured delivery of 12th Oct. Got a msg that item delivered, though I have not recv",881034,
566688,252867,True,Sun Dec 03 00:56:03 +0000 2017,Second time this month Amazon orders to my house have been 'handed to resident' and 'delivered' but it hasn't been.,566687,
2940247,812621,True,Wed Nov 29 13:21:45 +0000 2017,"@758945 @115821 That's what I'm hoping. I would've thought that living ~10 miles from their new distribution center would decrease my shipping time, not increase.",2940244,2940248.0
2332788,675209,True,Fri Oct 20 04:42:46 +0000 2017,@AmazonHelp I have  to get the Item today itself.  I am leaving from home tommorrow. Else I hav to cancel my order.,2332790,2332787.0
288019,184641,True,Wed Oct 11 09:22:19 +0000 2017,"@AmazonHelp router is in bedroom echo is in living room  30ft away,and this is what my router says , Current Wireless Channel 6 (2.4 GHz), 36 (5 GHz)",288018,288020.0
2431149,232990,True,Tue Nov 14 21:03:54 +0000 2017,@AmazonHelp No. Just says it’s delayed. Not even a reason. I want my items.,2431151,2431148.0
1739871,525033,True,Tue Nov 07 16:59:53 +0000 2017,@AmazonHelp La version bêta n'est pas disponible alors qu'elle est pourtant sortie le vendredi 27 octobre https://t.co/hWHWC8vFpb,1739873,1739867.0
2626388,210455,True,Mon Oct 30 22:37:47 +0000 2017,@AmazonHelp “amazon basics” charger not working 20 days after purchase ??,2626387,
2633207,743487,True,Mon Oct 30 23:48:52 +0000 2017,@115821 delivery chose not to ring door bell and just lean this open ripped damaged box near the porch half in the mulch. https://t.co/ZqcvPnEgtY,2633205,
349767,199844,True,Sun Oct 08 11:10:17 +0000 2017,@115850 @115850  Facing delivery issue..CS says get it dlvrd at othr addrs.. and carry it.. than What IS YOUR DELIVERY SERVICE for?? 😂😂,352625,349765.0
349996,199272,True,Sun Oct 08 09:16:01 +0000 2017,Amazonギフト券不正請求された😠何がムカつくって自分で使えんのにカードの上限額まで買われたからカード使えん😠もうAmazon一生使わん死ね,349995,
352141,199746,True,Sun Oct 08 12:13:30 +0000 2017,"Gotta love it when @115830 completely lie about trying to deliver to your address. Been in all day, bell not rung once. Fuckin useless!!",352140,
1172193,395718,True,Tue Oct 24 19:30:30 +0000 2017,@119625 requesting Alien :covenent 😊,"1172192,1172194",
50767,127389,True,Wed Nov 01 17:42:49 +0000 2017,@115821 @120533 @AmazonHelp @127390 #TurtlesAllTheWayDown Et je ne pense pas être la seule...? Has this happened to someone else? https://t.co/cnkB2p99RQ,50765,
1587293,488265,True,Sun Nov 05 00:13:04 +0000 2017,@AmazonHelp No emails so far,1587294,1587292.0
2144426,630476,True,Wed Nov 08 23:51:45 +0000 2017,@115821 you have some major problems with your delivery service.  Repeated mistakes and lost packages.,2144424,
853938,322829,True,Fri Oct 13 13:43:20 +0000 2017,"@AmazonHelp I tried, got a call and automatic response was ""we're unable to find your order""",853940,853937.0
450746,221869,True,Thu Nov 30 21:45:18 +0000 2017,Hey @115821 why do you guys send a box 10x the normal size of the actual product. Like what the heck??,450745,
1601330,452868,True,Sun Nov 05 05:18:35 +0000 2017,@115850 आप भी इसमें दिए गए मोबाइल को आजीवन मिला कर देख सकते है सायद कभी पावर ऑन हो जाये तो हमे मेरा आर्डर भिजवा दें https://t.co/TYh3KyjAo9,1601328,1601333.0
20431,120466,True,Wed Nov 01 06:36:42 +0000 2017,@AmazonHelp When will Madam Secretary S4 will be available on Amazon Prime Video India?,20430,
991682,326607,True,Sat Oct 14 13:25:14 +0000 2017,"@AmazonHelp Nope, no emails.  Should I have received any?",991683,991681.0
430033,217267,True,Tue Oct 10 10:08:05 +0000 2017,"Through #AppTreasureHunt @115850  may trend on @123765 but by cheating, they are losing customers.",430031,
1150902,390830,True,Tue Oct 24 15:06:15 +0000 2017,"Please, where's my order? Delivery was at 8pm yrstdy, got a text at 7:47p informing me of undelivered package @AmazonHelp  @115821 #URGENT",1150901,
1129308,383095,True,Tue Oct 24 12:30:36 +0000 2017,@AmazonHelp D'accord donc c'est lui qui marque rapide pas vous. J'ai mon explication 😅,1129309,1129307.0
656107,276083,True,Wed Nov 22 22:45:47 +0000 2017,@AmazonHelp I will,656106,656108.0
2888331,800881,True,Tue Nov 28 13:00:46 +0000 2017,プライムはベビメタやでんぱ組などアイドルも多いのがとてもよいです。あと、天野月、イエモン、LUNA SEA、東京事変、BOOWYなどが聴けるのがありがたいです。,2888329,
1435711,453315,True,Thu Nov 02 14:04:15 +0000 2017,@115821 what do I do when your customer service chat folks snubs me? They stopped mid conversation.,1435709,
379904,206125,True,Mon Oct 09 07:53:06 +0000 2017,Day three with unprofessional @115821. Failure after failure,379903,
858731,323509,True,Fri Oct 13 14:27:23 +0000 2017,@AmazonHelp I’m in Belgium waiting for an undelivered package. They told me it was at the post office so I went to pick it up and it’s not there either😩,858733,858730.0
2420269,695254,True,Sun Oct 29 13:03:20 +0000 2017,@AmazonHelp 969988222 it's my ragister number pls cheak now,"2420266,2420278",2420279.0
1321658,428544,True,Fri Oct 27 09:27:10 +0000 2017,@118117 Hey @115821 already have both your services but the fact I can’t order is a problem,1321656,1321659.0
942702,343478,True,Sat Oct 21 16:06:23 +0000 2017,"Dites donc @120533, c'est quoi cette nouvelle politique PanierPlus chez Prime ? Je ne peux plus commander tout, tout de suite? https://t.co/Xs1UZKQ3hw",942700,
2840197,790376,True,Mon Nov 27 16:35:52 +0000 2017,"@AmazonHelp M'voyons... le grand enfant que je suis à déjà tout ouvert :P L'ouverture des cartons, c'est comme un 1er Noël avant l'heure :D",2840199,2840196.0
348161,198899,True,Sun Oct 08 06:20:15 +0000 2017,"Dear @115850 The dead mobile has been returned, delivered to you on 1st Oct, Assured refund multiple times, but no response actually.","348160,348162",
2815511,784933,True,Mon Nov 27 03:04:29 +0000 2017,"@AmazonHelp Hola, sí las había visto pero tardan casi un mes en llegar. ¿Ni una pista de cuándo saldrán las oficiales de Amazon?",2815513,2815510.0
2529627,720167,True,Wed Nov 08 07:15:24 +0000 2017,"Vraiment pas cool @AmazonHelp livraison garantie aujourd'hui, on paye pour le Premium, et là bim je me retrouve encore une semaine sans pouvoir bosser correctement👎:( https://t.co/wVtHRi17l9",2529626,
1271546,417683,True,Sat Nov 25 20:16:50 +0000 2017,@156928 @16385 @156929 why do i get an error? https://t.co/J3mF1mg4TR,1271545,1271547.0
2149494,631743,True,Thu Nov 09 00:58:03 +0000 2017,@AmazonHelp ありがとうございます。問い合わせさせていただきます。( ∩ˇωˇ∩),2149493,2149495.0
1276141,418721,True,Thu Oct 26 16:01:32 +0000 2017,"@AmazonHelp Bonjour :) comme à chaque commande de jeux vidéo en étant prime livraison 2 jours, toujours envoyé en retard...",1276143,1276140.0
1719119,350794,True,Tue Nov 07 08:05:59 +0000 2017,@AmazonHelp Yes but No reply,"1719120,1719121",1719118.0
332005,195056,True,Sat Oct 07 16:47:20 +0000 2017,@115850  When is the Next diwali sale coming?,332004,
438699,219241,True,Tue Oct 10 19:23:15 +0000 2017,@AmazonHelp They already charged my card last night,438701,438698.0
343118,772199,True,Tue Nov 21 04:06:16 +0000 2017,"@115851 @117634 Please Bezos, blue light filter on the Kindle Paper white! I love mine but I want to fall asleep easier while reading!",2759733,343113.0
440032,184653,True,Wed Oct 11 12:01:03 +0000 2017,"@AmazonHelp I hv been a long standing customer wid u al. __email__.Bt did incident has shaken my belief.","440033,440034,440035",440031.0
2336964,291901,True,Fri Oct 20 04:19:01 +0000 2017,"On the plus side, wanted to give @115821 a shout out for sending me live updates the whole way. Customer service always on fleek!",2336962,2336965.0
1137342,387909,True,Thu Oct 26 12:24:11 +0000 2017,@AmazonHelp Getting same response from you everywhere. 'Please allow us sometime' your standard response for each issue,1137343,1137340.0
379941,206130,True,Mon Oct 09 07:52:36 +0000 2017,@AmazonHelp well it's half day and I have to leave thats why I need to speak with the delivery guy,379942,379940.0
2522385,535487,True,Thu Nov 16 01:26:34 +0000 2017,@115821 how come I could get my Kindle delivered to Puerto Rico last year but all Echo products can't be sent here? They are all electronics. Can you help me out? Planning my Xmas Shopping!,2522384,
268130,179930,True,Tue Sep 26 14:53:56 +0000 2017,"@AmazonHelp That has happened before, but not in these 3 cases here",268128,268132.0
2392730,689016,True,Tue Nov 14 11:08:46 +0000 2017,@AmazonHelp I fully intend to 😉 do you know when they’ll be available?,2392732,2392729.0
1646291,503033,True,Mon Nov 06 00:55:49 +0000 2017,"２日に配送したとか通知来てた。。。
でもまだ届いてないんだけどアマゾンさんに問い合わせればいいのかな(´；ω；｀)",1646290,
1486961,465342,True,Fri Nov 03 04:23:49 +0000 2017,Amazonを名乗った迷惑メール最近来るんだが…Amazon側に報告した方がいいのかしら？,1486960,
350143,202402,True,Sun Oct 08 17:18:14 +0000 2017,"@115850 What's the best gift I can give to my wife on Diwali from the #AmazonGreatIndianFestival
#DiwaliKiTayyariWithPammiAunty","364693,364694",350140.0
550590,248261,True,Sat Dec 02 18:33:37 +0000 2017,"Eben @117093 ausprobiert. Lief alles wie am Schnürchen, meinen leeren Kasten Augustiner haben sie auch mit einem Lächeln im Gesicht entgegengenommen. 
Gerne wieder ✌🏽",550589,
1033033,364416,True,Sat Oct 14 18:20:15 +0000 2017,@116928 He cancelado el mimso dia que se me ha cobrado,1033032,1033034.0
2205289,641029,True,Thu Nov 09 22:47:05 +0000 2017,@AmazonHelp I­t­ says Monday for delivery.,2205288,2205290.0
436916,218760,True,Tue Oct 10 16:57:29 +0000 2017,Became a prime user yesterday and this is how amazon sends me my first product. An open toothpaste box. Extremely frustrated #AmazonIndia https://t.co/eRkFdYQ3kP,436915,
1494197,466958,True,Fri Nov 03 11:00:54 +0000 2017,"@AmazonHelp hi, just curious as to why I had to pay £22 in postage and packing &amp; the item was delivered to a newsagents &amp; not my house!!",1494195,
1004611,268872,True,Sat Nov 25 19:55:57 +0000 2017,"@AmazonHelp Also none of them are outside of locker size &amp; weight requirements, so all should be eligible?",1004612,1004607.0
1883355,562032,True,Wed Oct 18 10:43:56 +0000 2017,".@AmazonHelp on my orders it said an order was delivered Monday, it’s Wednesday and it’s still not here? What do I do?",1883353,
2632968,133252,True,Fri Nov 17 19:05:45 +0000 2017,"@AmazonHelp Non pas encore, comment dois-je procéder ?

Je suis en Prime en plus, c'est assez embêtant sachant que je pars de chez moi à partir de demain 12h",2632970,2632967.0
874833,327700,True,Fri Oct 20 19:55:17 +0000 2017,"Alô, @117804 , libera a capa de couro do Kindle paperwhite no site. Quero comprar há meses e não encontro. Maldade. Vai ficar todo ralado",874832,
968024,138194,True,Sun Oct 15 04:19:25 +0000 2017,"@AmazonHelp 9558817746
__email__

check my problem and do thing right","968026,968027",968023.0
2366268,121104,True,Mon Nov 13 22:51:27 +0000 2017,@AmazonHelp I am currently on holiday in New York does having a non USA prime account not work over here ?,2366267,2366269.0
2501897,713649,True,Wed Nov 15 20:05:30 +0000 2017,"@AmazonHelp Hello, any reason why the Kindle Store is not loading on my kindle paperwhite? I click the recommended for you link and I just get a completely blank screen. I’ve tried restarting...",2501896,
1384447,150460,True,Thu Oct 19 09:46:15 +0000 2017,"@192177 @AmazonHelp @442179 Damn it, my bad amazon. Thanks for help both of you!",1384446,1384448.0
2775897,775647,True,Tue Nov 21 15:23:24 +0000 2017,"@AmazonHelp Yes, 2 times now. The first time I was told that because I didn't know the email it was changed to they couldn't help. And the second time I was told that there was no security issues when there clearly were since I wasn't listing these items and the email was changed. https://t.co/aSFhtNOjVc",2775899,2775896.0
2512386,716027,True,Mon Oct 30 06:32:43 +0000 2017,"@AmazonHelp Non, j'ai le suivi via UPS, c'est juste que qd il passe de dépôt en dépôt en restant à chaque fois au moins 1 journée, ça explique leur QoS",2512388,2512385.0
1150869,390825,True,Thu Oct 26 16:21:54 +0000 2017,@AmazonHelp Yes I have seen the reply but asking for the resolution bcoz the same excuse I am hearing from last 2 days..,1150870,1150868.0
1219175,400678,True,Wed Oct 25 14:45:05 +0000 2017,Still mad @115821 😤,1219173,
2490529,287936,True,Wed Nov 15 17:48:35 +0000 2017,@AmazonHelp Thanks team..,2490531,2490528.0
1002622,357323,True,Sat Oct 14 12:43:46 +0000 2017,"@115850 
My tracking #511355783673 
Delivery man didn't handover the package to me. From where to collect?
Where and how to contact you","1002623,1002621",
130254,145378,True,Fri Nov 24 06:47:40 +0000 2017,@AmazonHelp But what was the problem?,130256,130253.0
1955330,580369,True,Wed Oct 18 17:33:12 +0000 2017,"@AmazonHelp @115851 5 days after package was guaranteed delivery, I still dont have it. Amz supervisor hangs up on me. #awful",1955326,
2935199,811529,True,Wed Nov 29 10:12:30 +0000 2017,"@AmazonHelp Customer service is a joke! What's the point of pre ordering to wait until a week after release to receive the item! Hasn't even been dispatched yet and release was yesterday! CS just reiterate estimated delivery, no help at all.",2935198,
2602258,736489,True,Fri Nov 17 08:50:41 +0000 2017,@AmazonHelp Or you could speak to delivery folk and tell them to use some common sense!,2602260,2602257.0
1155157,391746,True,Tue Oct 24 17:28:58 +0000 2017,When you have Prime and have free same day delivery and it ends up being longer then that .... @AmazonHelp I needed my shit like yesterday https://t.co/4f4dG181mo,1155156,
1168764,373357,True,Tue Oct 24 18:56:07 +0000 2017,"@AmazonHelp @115850 can u advise what are next steps for me to get this item,ur courier partner was nt willing to deliver this at my home https://t.co/gqXhEyEdbf","1168763,1168765,1168766",
77518,133269,True,Thu Nov 30 05:35:38 +0000 2017,@133270 @115850 This incident already done with us...Amazon service is very cheap &amp; poor  in india ....I ordered samsung phone and we got the bathing &amp; washing soap instead phone.....,77516,77519.0
699488,286860,True,Thu Nov 23 15:56:09 +0000 2017,"I like @115821 but wish they'd get their act together with packaging, one huge box for one little item 😞 https://t.co/hHuU6LQy5o",699487,
350585,199409,True,Sun Oct 08 10:12:45 +0000 2017,@AmazonHelp When did you start using DPD? I pay for Amazon prime so that I can get my delivery the next day but they're crap,350584,
83348,134316,True,Fri Dec 01 13:46:55 +0000 2017,@AmazonHelp Well as expected my package did not arrive yesterday which was the original date given for delivery,83349,83347.0
2909105,744309,True,Tue Nov 28 21:13:00 +0000 2017,@AmazonHelp If PBS Masterpiece content is free with a prime account why does the fire stick interface prompt me to purchase the channnel/individual shows or sign up for a free 7 day trial?,2909107,2909104.0
545725,140038,True,Sat Dec 02 17:00:32 +0000 2017,@AmazonHelp where do I send this now it’s ready for return and refund? No instructions in the email. https://t.co/01svugICBt,545723,
1890598,563808,True,Sun Nov 26 07:30:21 +0000 2017,@115850 your IVr still sucks.,1890596,
528989,137873,True,Sat Dec 02 09:15:06 +0000 2017,@242496 @115830 The tracker says this https://t.co/jQqxJceN1z,528988,528990.0
2464853,705402,True,Sun Oct 29 19:51:27 +0000 2017,"@AmazonHelp All e-mails say today, website says today... it's almost 8pm and nothing.  What time does delivery stop?",2464855,2464852.0
2389812,688455,True,Tue Nov 14 08:36:21 +0000 2017,Hey @115850 can you check status of order 403-5527477-8373106..no updates seen in tracking since Saturday..by when will it be delivered..,2389811,
2880410,799329,True,Tue Nov 28 08:21:38 +0000 2017,@120533 je ne reçois pas le mail avec le numéro ou alors très longtemps après donc plus valable. Votre bug bloque bcp  de monde,2880409,
2836931,789599,True,Mon Nov 27 15:47:21 +0000 2017,@AmazonHelp AMZL US is the carrier - I’ve reordered and of course there is a price increase!!,2836932,2836930.0
71059,131959,True,Thu Nov 23 05:42:48 +0000 2017,@AmazonHelp やだ・・・中の人かわいすぎかよ・・・(´°̥̥̥̥̥̥̥̥ω°̥̥̥̥̥̥̥̥｀),71058,71060.0
2465677,705591,True,Sun Oct 29 19:22:07 +0000 2017,@AmazonHelp Not only do our 5 subscribe&amp;save items come separately but this..Do u have sustainability goals? Doesnt seem like u do! Absurd. https://t.co/Ai7nyBw2Cr,2465676,
1434920,375444,True,Thu Nov 02 13:51:34 +0000 2017,"Und wo ist der #Lavazza Kaffee, @116316?

Unter ""Angebot ansehen"" steht jedenfalls nichts von Lavazza bei der #Amazon Webseite dazu. 🤡 https://t.co/XHwNEX4Ss8",1434918,
870097,326606,True,Fri Oct 13 15:48:52 +0000 2017,"@AmazonHelp Transporteur : Amazon Logistics n° de suivi CQ0001116063
 CQ0001116063",870099,870096.0
896665,212518,True,Sun Oct 15 20:31:44 +0000 2017,@AmazonHelp En eso estoy! Saludos!! https://t.co/aDmJUotWIs,896666,896664.0
2154463,202131,True,Thu Nov 09 04:14:38 +0000 2017,"@AmazonHelp how can this be. Two separate packages, wo different carriers. Both delayed. Seems like it's on your end https://t.co/hhc2abWAZ2",2154464,2154462.0
815474,314198,True,Tue Nov 07 16:35:14 +0000 2017,@115821  what a joke 2 days you have tried to deliver my item you say . Nope you haven’t customer service can’t speak English 😡😡😡😡,815471,
500819,147818,True,Fri Dec 01 19:33:30 +0000 2017,Gracias @135806 y @116928 x tnerme TODO el dia en casa sperand 1pakete qfinalmnte NO ha llegado @137605 @AmazonHelp,500818,
2698907,758278,True,Sun Nov 19 20:04:31 +0000 2017,@AmazonHelp can I still get my battery changed by amazon on my kindle third generation,2698906,
2628900,742471,True,Fri Nov 17 17:04:23 +0000 2017,@115850  I am Kunal Rajput (pH no: 9910985835) I purchased 5 bedsheets but those qualitiy was very bad so I returned the bedsheets and they gave the refund in my Amazon pay account and it won't transfer to my bank account. I want my money back in my bank account,2628899,
2578454,729886,True,Thu Nov 16 21:58:19 +0000 2017,@115830 been waiting for a call back from a supervisor since 8pm.. it's nearly 10pm 😑,2578452,
